Workbook

Sheet Instructions
B3: INSTRUCTIONS FOR USING THE CONTROL CHART SPREADSHEET
B5: A | C5: Conditioning New Control Material
C6: 1 | D6: Ensure that the control sample is conditioned for a minimum of four hours before re-bottling
C7: 2 | D7: Ensure an additional control sample bottle is conditioned for each work area and this is held as a reserve
C8: 3 | D8: When this reserve bottle is issued a new bottle shall be conditioned and held in reserve
C9: 4 | D9: Ensure to complete the conditioning log book and the CRM control log book
C10: 5 | D10: Clearly mark the bottle with unique Control ID, Example CRM033 (1) Opened 10/10/17, Conditioned 10/10/17, Expiry 10/10/19, PROX
D11: Key | E11: CRM033 | F11: Is the batch number
E12: (1) | F12: Is a unique number for the bottle. Each number within the batch will have a different number and be recorded in the CRM control log book
E13: Opened | F13: Is the date opened
E14: Conditioned | F14: Is the date conditioned and shall be the date of opening
E15: Expiry | F15: Is the date of expiry, which shall be two years from date of opening unless otherwise specified on the certificate
E16: PROX | F16: Is the location that the CRM shall be used (work areas shall be PROX, CV, and Sulphur)
B18: B | C18: Analysing New Control Material
C20: 1 | D20: On the Data Input tab enter all the information from the CRM certificate : the certified value and limits for on air dry and dry base. Do this for all parameters
C21: 2 | D21: Run 20 to 30 controls on different days using different instruments and analysts in order to establish new limits
C22: 3 | D22: Remember to records results on an air dry basis
C23: 4 | D23: Enter the results on the data input tab under the correct parameter. For ALL parameters enter results to 2 decimal places. Enter data only in the Yellow Cells
C24: 5 | D24: Data will be automatically checked for outliers and compliance with Reproducibility limit
C25: 6 | D25: If any failures, results will indicate in RED -- Remove these as they are statistical outlier
C26: 7 | D26: When outlier test passes, and any outliers removed, there may still be an issue with reproducibility limit failures. To assist in identifying the following will happen:
D27: The lowest remaning value will flag in blue
D28: The highest remaining value will flag in orange
C29: 8 | D29: Use these flags to identify and repeat or remove these values until the repeatability limit is satisfied. NOTE, use your judgement carefully. If you are having to remove/repeat more than 3-4 points then it is likely there is an underlying issue that you will need to investigate further.
C30: 9 | D30: The spreadsheet will automatically calculate your assigned value and compare it with the certified values for the CRM
C31: 10 | D31: If your results do not compare to the certificated values they will be highlighted in red. You will need to repeat until results are within the limits
C32: 11 | D32: You will need a minimum of 20 data points to validate your new control chart
C33: 12 | D33: If all criteria is met, the data will automatically transfer to the Plot data tab. NOTE data will not transfer if there is an outlier, reproducibility limit failure or your results do not agree with the certified ranges for both air dry and dry base
C34: 13 | D34: The plot data will automatically transfer to the corresponding chart eg "ISO Ash Chart" tab
B36: C | C36: Printing your new control chart
C37: 1 | D37: Each control chart is on a green tab
C38: 2 | D38: The row height and column width is preset to optimise printing
C39: 3 | D39: The print area, page layout, and margins are set up for a Brother MFC-L2740DW printer
C40: 4 | D40: If you have a different printer please change the margins as per appendix below
C41: 5 | D41: Should row heights or column widths have change please refer to Appendix for setting on key cells
B43: D | C43: Using your new control chart
C44: 1 | D44: Write the name/number of the Analyser, Instrument, Oven or Furnace at the top of the sheet
C45: 2 | D45: Enter the date, analyst name, dup 1 value and dup 2 value in the table at the top of the sheet
C46: 3 | D46: Calculate the average x and range and enter in the table at the top of the sheet
C47: 4 | D47: Plot the average value in the top graph
C48: 5 | D48: Plot the range in the bottom graph
B50: E | C50: Assessing your control value
C51: 1 | D51: Use the rules from the rule tab to ensure the data you plot is compliant
C52: 2 | D52: If either the average or the range is out use the control chart flow diagram to decide on a course of action
C53: 3 | D53: Use the examples in Rule Failure tabs for guidance on how to mark your plotted points
B55: F | C55: When Control Chart is Finished
C56: 1 | D56: Inform the Laboratory Supervisor/Shift Leader
C57: 2 | D57: The Laboratory Supervisor/Shift Leader shall print the new control chart.
C58: 3 | D58: The Laboratory Supervisor/Shift Leader shall complete the date range for the control chart and ensure it remains with the new chart for reference
C59: 4 | D59: The Laboratory Supervisor/Shift Leader will file the previous control chart
B61: G | C61: Checking your in-batch CRM control
C62: 1 | D62: On the blue tabs you can enter your in-batch quality controls in the yellow cells. Example : CV 1 tab
C63: 2 | D63: The control chart and the range will automatically plot in columns AF to AP
C64: 3 | D64: Rules 1 to 4 and Range (Repeatability) Failures will be highlighted in columns
C65: 4 | D65: You can create new tabs for each of the ovens, furnaces, bombs/vessels or analysers
C66: 5 | D66: To create these, click on the tab you want to copy, e.g. ISO Ash 1, right click and select "Move or Copy". In the dialogue box that appears tick the box at the bottome that says "Create a Copy". A new tab will appear.
C67: 6 | D67: Click on this new tab and right click and rename, eg ISO Ash 2, which will denote the name of you ISO Ash oven.
C68: 7 | D68: You can rename all of the blue tabs to the specific names of your equipment, e.g. MID-OVEN-002
C69: 8 | D69: Use these to track your controls and check that failures are being correctly identified on the manual control charts
B71: H | C71: Training
C72: 1 | D72: All training and information tabs are orange in colour
C73: 2 | D73: The Rules Tab has the control chart rules ; the table is set up for printing
C74: 3 | D74: Control Chart Flow Diagram describes the process to follow when the control chart rules or range (repeatability) fail
C75: 4 | D75: Rule failure tab examples give guidance on how to identify the rule failures on the control chart
C76: 5 | D76: CV training Rule Tabs are training materials which you can use to train analysts to plot graphs and identify rule failues. You should use a blank CV control charts for this exercise
C78: Appendix
B80: i) | C80: Printer Settings
D81: Top | E81: 0.9 | F81: cm
D82: Header | E82: 0.8 | F82: cm
D83: Left | E83: 1 | F83: cm
D84: Right | E84: 1 | F84: cm
D85: Bottom | E85: 0.9 | F85: cm
D86: Footer | E86: 0.8 | F86: cm
D87: Check that your paper orientation is Landscape and fit to 1 page wide 1 page tall
B89: ii) | C89: Cell and Row Settings
D90: The way the control charts print is very sensitive to critical column widths and row heights. Below are the critical settings
D92: Column | E92: Width | H92: Row | I92: Height
D93: B | E93: 10 | H93: 1 | I93: 15
D94: C | E94: 13 | H94: 2 | I94: 50
D95: D | E95: 13 | H95: 3 | I95: 22
D96: E-AT | E96: 8 | H96: 4 | I96: 50
H97: 5 | I97: 22
H98: 6-11 | I98: 50
H99: 12-50 | I99: 18

Sheet Data Input
B1: Statistical Evaluation of Results
B3: Function | H3: Test | M3: Criteria
B4: Outliers | H4: Dixon Q Test at 95% Confidence Limit | M4: Qcalc < Qcrit (95% CL)
B5: Reproducibility (r) | H5: Reproducibility Limit of method | M5: ractual < rmethod
E7: ENTER RESULTS IN YELLOW FIELD
G8: ='Data Input'!E40:E73 -> #VALUE!
B9: Parameter | F9: Calorific Value | J9: Parameter | N9: Total Sulphur - Low | R9: Parameter | V9: MIAS | Z9: Parameter | AD9: Volatile Matter | AH9: Parameter | AL9: ISO Ash | AP9: Parameter | AT9: Quick Ash | AY9: Parameter | BC9: CV - Benzoic
B10: CRM Certified Values | J10: CRM Certified Values | R10: CRM Certified Values | Z10: CRM Certified Values | AH10: CRM Certified Values | AP10: CRM Certified Values | AY10: CRM Certified Values
B11: Control ID: | F11: AS CRM 002 | J11: Control ID: | N11: AS CRM 002 | R11: Control ID: | V11: AS CRM 002 | Z11: Control ID: | AD11: AS CRM 002 | AH11: Control ID: | AL11: AS CRM 002 | AP11: Control ID: | AT11: AS CRM 002 | AY11: Control ID: | BC11: Benzoic Acid
B12: Certified Values (Air Dry) | J12: Certified Values (Air Dry) | R12: Certified Values (Air Dry) | Z12: Certified Values (Air Dry) | AH12: Certified Values (Air Dry) | AP12: Certified Values (Air Dry) | AY12: Certified Values (Air Dry)
B13: Certified value | F13: 25.96 | J13: Certified value | N13: 0.38 | R13: Certified value | V13: N/A | Z13: Certified value | AD13: 26.2 | AH13: Certified value | AL13: 14.27 | AP13: Certified value | AT13: 14.38 | AY13: Certified value | BC13: 1.69
B14: Maximum | F14: 26.04 | J14: Maximum | N14: 0.42 | R14: Maximum | Z14: Maximum | AD14: 26.3 | AH14: Maximum | AL14: 14.35 | AP14: Maximum | AT14: 14.53 | AY14: Maximum | BC14: 1.79
B15: Minimum | F15: 25.88 | J15: Minimum | N15: 0.34 | R15: Minimum | Z15: Minimum | AD15: 26.1 | AH15: Minimum | AL15: 14.19 | AP15: Minimum | AT15: 14.23 | AY15: Minimum | BC15: 1.59
B16: Certified Values (Dry Base) | J16: Certified Values (Dry Base) | R16: Certified Values (Dry Base) | Z16: Certified Values (Dry Base) | AH16: Certified Values (Dry Base) | AP16: Certified Values (Dry Base) | AY16: Certified Values (Dry Base)
B17: Certified value | F17: 27.1 | J17: Certified value | N17: 0.4 | R17: Certified value | V17: N/A | Z17: Certified value | AD17: 27.34 | AH17: Certified value | AL17: 14.9 | AP17: Certified value | AT17: 15.06 | AY17: Certified value | BC17: 1.76
B18: Standard Deviation | F18: 0.08 | J18: Standard Deviation | N18: 0.04 | R18: Standard Deviation | Z18: Standard Deviation | AD18: 0.1 | AH18: Standard Deviation | AL18: 0.08 | AP18: Standard Deviation | AT18: 0.15 | AY18: Standard Deviation | BC18: 0.048
B19: Maximum | F19: =F17+F18 -> 27.18 | J19: Maximum | N19: =N17+N18 -> 0.44 | R19: Maximum | Z19: Maximum | AD19: =AD17+AD18 -> 27.44 | AH19: Maximum | AL19: =AL17+AL18 -> 14.98 | AP19: Maximum | AT19: =AT17+AT18 -> 15.21 | AY19: Maximum | BC19: =BC17+BC18 -> 1.808
B20: Minimum | F20: =F17-F18 -> 27.02 | J20: Minimum | N20: =N17-N18 -> 0.36 | R20: Minimum | Z20: Minimum | AD20: =AD17-AD18 -> 27.24 | AH20: Minimum | AL20: =AL17-AL18 -> 14.82 | AP20: Minimum | AT20: =AT17-AT18 -> 14.91 | AY20: Minimum | BC20: =BC17-BC18 -> 1.712
B22: Laboratory Results | J22: Laboratory Results | R22: Laboratory Results | Z22: Laboratory Results | AH22: Laboratory Results | AP22: Laboratory Results | AY22: Laboratory Results
B23: Laboratory Average (Air Dry) | F23: =IF(ISNUMBER(H89),H89,"") -> 25.894231 | J23: Laboratory Average (Air Dry) | N23: =IF(ISNUMBER(P89),P89,"") -> 0.39 | R23: Laboratory Average (Air Dry) | V23: =IF(ISNUMBER(X89),X89,"") -> 4.1353846 | Z23: Laboratory Average -Moisture Corrected (Air Dry) | AD23: =IF(AND(ISNUMBER(AF89),ISNUMBER(V23)),(AF89-V23)) -> 26.271923 | AH23: Laboratory Average (Air Dry) | AL23: =IF(ISNUMBER(AN89),AN89,"") -> 14.193846 | AP23: Laboratory Average (Air Dry) | AT23: =IF(ISNUMBER(AV89),AV89,"") -> 13.753846 | AY23: Laboratory Average (Air Dry) | BC23: =IF(ISNUMBER(BE89),BE89,"")
B24: Laboratory Average (Air Dry) Pass/Fail | F24: =IF(ISNUMBER(F23),IF(F23>F14,"FAIL-HIGH",IF(F23<F15,"FAIL-LOW","PASS"))) -> PASS | J24: Laboratory Average (Air Dry) Pass/Fail | N24: =IF(ISNUMBER(N23),IF(N23>N14,"FAIL-HIGH",IF(N23<N15,"FAIL-LOW","PASS"))) -> PASS | R24: Laboratory Average (Air Dry) Pass/Fail | V24: N/A | Z24: Laboratory Average (Air Dry) Pass/Fail | AD24: =IF(ISNUMBER(AD23),IF(AD23>AD14,"FAIL-HIGH",IF(AD23<AD15,"FAIL-LOW","PASS"))) -> PASS | AH24: Laboratory Average (Air Dry) Pass/Fail | AL24: =IF(ISNUMBER(AL23),IF(AL23>AL14,"FAIL-HIGH",IF(AL23<AL15,"FAIL-LOW","PASS"))) -> PASS | AP24: Laboratory Average (Air Dry) Pass/Fail | AT24: =IF(ISNUMBER(AT23),IF(AT23>AT14,"FAIL-HIGH",IF(AT23<AT15,"FAIL-LOW","PASS"))) -> FAIL-LOW | AY24: Laboratory Average (Air Dry) Pass/Fail | BC24: =IF(ISNUMBER(BC23),IF(BC23>BC14,"FAIL-HIGH",IF(BC23<BC15,"FAIL-LOW","PASS"))) -> FALSE
B25: Laboratory Average (Dry Base) | F25: =IF(ISNUMBER($V$23),(100*F23)/(100-$V$23),"NO MIAS RESULT") -> 27.01125 | J25: Laboratory Average (Dry Base) | N25: =IF(ISNUMBER($V$23),(100*N23)/(100-$V$23),"NO MIAS RESULT") -> 0.40682373 | R25: Laboratory Average (Dry Base) | Z25: Laboratory Average- Moisture Corrected (Dry Base) | AD25: =IF(ISNUMBER($V$23),(100*AD23)/(100-$V$23),"NO MIAS RESULT") -> 27.405235 | AH25: Laboratory Average (Dry Base) | AL25: =IF(ISNUMBER($V$23),(100*AL23)/(100-$V$23),"NO MIAS RESULT") -> 14.806137 | AP25: Laboratory Average (Dry Base) | AT25: =IF(ISNUMBER($V$23),(100*AT23)/(100-$V$23),"NO MIAS RESULT") -> 14.347156 | AY25: Laboratory Average (Dry Base) | BC25: =IF(ISNUMBER($V$23),(100*BC23)/(100-$V$23),"NO MIAS RESULT") -> #VALUE!
B26: Laboratory Average (Dry Base) Pass/Fail | F26: =IF(F25="NO MIAS RESULT","NO MIAS RESULT",IF(ISNUMBER(F25),IF(F25>F19,"FAIL-HIGH",IF(F25<F20,"FAIL-LOW","PASS")))) -> FAIL-LOW | J26: Laboratory Average (Dry Base) Pass/Fail | N26: =IF(N25="NO MIAS RESULT","NO MIAS RESULT",IF(ISNUMBER(N25),IF(N25>N19,"FAIL-HIGH",IF(N25<N20,"FAIL-LOW","PASS")))) -> PASS | R26: Laboratory Average (Dry Base) Pass/Fail | Z26: Laboratory Average (Dry Base) Pass/Fail | AD26: =IF(AD25="NO MIAS RESULT","NO MIAS RESULT",IF(ISNUMBER(AD25),IF(AD25>AD19,"FAIL-HIGH",IF(AD25<AD20,"FAIL-LOW","PASS")))) -> PASS | AH26: Laboratory Average (Dry Base) Pass/Fail | AL26: =IF(AL25="NO MIAS RESULT","NO MIAS RESULT",IF(ISNUMBER(AL25),IF(AL25>AL19,"FAIL-HIGH",IF(AL25<AL20,"FAIL-LOW","PASS")))) -> FAIL-LOW | AP26: Laboratory Average (Dry Base) Pass/Fail | AT26: =IF(AT25="NO MIAS RESULT","NO MIAS RESULT",IF(ISNUMBER(AT25),IF(AT25>AT19,"FAIL-HIGH",IF(AT25<AT20,"FAIL-LOW","PASS")))) -> FAIL-LOW | AY26: Laboratory Average (Dry Base) Pass/Fail | BC26: =IF(BC25="NO MIAS RESULT","NO MIAS RESULT",IF(ISNUMBER(BC25),IF(BC25>BC19,"FAIL-HIGH",IF(BC25<BC20,"FAIL-LOW","PASS")))) -> #VALUE!
B28: Outlier and Reproducibility Tests | J28: Outlier and Reproducibility Tests | R28: Outlier and Reproducibility Tests | Z28: Outlier and Reproducibility Tests | AH28: Outlier and Reproducibility Tests | AP28: Outlier and Reproducibility Tests | AY28: Outlier and Reproducibility Tests
B29: Qcalc | F29: =MAX(H96:H97) -> 0.046511628 | J29: Qcalc | N29: =MAX(P96:P97) -> 0.2 | R29: Qcalc | V29: =MAX(X96:X97) -> 0.25 | Z29: Qcalc | AD29: =MAX(AF96:AF97) -> 0.11111111 | AH29: Qcalc | AL29: =MAX(AN96:AN97) -> 0.15 | AP29: Qcalc | AT29: =MAX(AV96:AV97) -> 6.25e-05 | AY29: Qcalc | BC29: =MAX(BE96:BE97) -> #N/A
B30: Qcrit (95% CL) | F30: =VLOOKUP(H88,$BG$40:$BH$85,2,FALSE) -> 0.436 | J30: Qcrit (95% CL) | N30: =VLOOKUP(P88,$BG$40:$BH$85,2,FALSE) -> 0.443 | R30: Qcrit (95% CL) | V30: =VLOOKUP(X88,$BG$40:$BH$85,2,FALSE) -> 0.436 | Z30: Qcrit (95% CL) | AD30: =VLOOKUP(AF88,$BG$40:$BH$85,2,FALSE) -> 0.436 | AH30: Qcrit (95% CL) | AL30: =VLOOKUP(AN88,$BG$40:$BH$85,2,FALSE) -> 0.436 | AP30: Qcrit (95% CL) | AT30: =VLOOKUP(AV88,$BG$40:$BH$85,2,FALSE) -> 0.436 | AY30: Qcrit (95% CL) | BC30: =VLOOKUP(BE88,$BG$40:$BH$85,2,FALSE) -> #N/A
B31: Outliers | F31: =IF(F29>F30,"Yes","No") -> No | J31: Outliers | N31: =IF(N29>N30,"Yes","No") -> No | R31: Outliers | V31: =IF(V29>V30,"Yes","No") -> No | Z31: Outliers | AD31: =IF(AD29>AD30,"Yes","No") -> No | AH31: Outliers | AL31: =IF(AL29>AL30,"Yes","No") -> No | AP31: Outliers | AT31: =IF(AT29>AT30,"Yes","No") -> No | AY31: Outliers | BC31: =IF(BC29>BC30,"Yes","No") -> #N/A
B32: Outlier value MAX | F32: =IF(H96>F30,H92,"") | J32: Outlier value MAX | N32: =IF(P96>N30,P92,"") | R32: Outlier value MAX | V32: =IF(X96>V30,X92,"") | Z32: Outlier value MAX | AD32: =IF(AF96>AD30,AF92,"") | AH32: Outlier value MAX | AL32: =IF(AN96>AL30,AN92,"") | AP32: Outlier value MAX | AT32: =IF(AV96>AT30,AV92,"") | AY32: Outlier value MAX | BC32: =IF(BE96>BC30,BE92,"") -> #N/A
B33: Outlier value MIN | F33: =IF(H97>F30,H91,"") | J33: Outlier value MIN | N33: =IF(P97>N30,P91,"") | R33: Outlier value MIN | V33: =IF(X97>V30,X91,"") | Z33: Outlier value MIN | AD33: =IF(AF97>AD30,AF91,"") | AH33: Outlier value MIN | AL33: =IF(AN97>AL30,AN91,"") | AP33: Outlier value MIN | AT33: =IF(AV97>AT30,AV91,"") | AY33: Outlier value MIN | BC33: =IF(BE97>BC30,BE91,"") -> #N/A
B34: Data Range (Actual Reproducibility) | F34: =H93 -> 0.43 | J34: Data Range (Actual Reproducibility) | N34: =P93 -> 0.1 | R34: Data Range (Actual Reproducibility) | V34: =X93 -> 0.8 | Z34: Data Range (Actual Reproducibility) | AD34: =AF93 -> 0.9 | AH34: Data Range (Actual Reproducibility) | AL34: =AN93 -> 0.4 | AP34: Data Range (Actual Reproducibility) | AT34: =AV93 -> 1.6 | AY34: Data Range (Actual Reproducibility) | BC34: =BE93 -> 0
B35: Reproducibility | F35: =IF(H93="","",IF(H93>F36,"FAIL","PASS")) -> PASS | J35: Reproducibility | N35: =IF(P93="","",IF(P93>N36,"FAIL","PASS")) -> PASS | R35: Reproducibility | V35: N/A | Z35: Reproducibility | AD35: =IF(AF93="","",IF(AF93>AD36,"FAIL","PASS")) -> PASS | AH35: Reproducibility | AL35: =IF(AN93="","",IF(AN93>AL36,"FAIL","PASS")) -> PASS | AP35: Reproducibility | AT35: =IF(AV93="","",IF(AV93>AT36,"FAIL","PASS")) -> FAIL | AY35: Reproducibility | BC35: =IF(BE93="","",IF(BE93>BC36,"FAIL","PASS")) -> PASS
B36: Reproducibility Limit | F36: 0.6 | G36: 0.3 | J36: Reproducibility Limit | N36: 0.1 | O36: =(0.02+(0.09*P89))+(0.00000001*P89) -> 0.055100004 | R36: Reproducibility Limit | V36: No Standard Limits | Z36: Reproducibility Limit | AD36: =IF(AF92>=10,(MAX((0.04*AF89),0.5)),0.5) -> 1.2162923 | AH36: Reproducibility Limit | AL36: =IF(AN89>=10,(0.03*AN89),0.3) -> 0.42581538 | AP36: Reproducibility Limit | AT36: =IF(AV89>=10,(0.03*AV89),0.3) -> 0.41261538 | AY36: Reproducibility Limit | BC36: 0.1 | BD36: =(0.02+(0.09*BE89))+(0.00000001*BE89) -> #DIV/0!
B38: Replicate Laboratory Data | J38: Replicate Laboratory Data | R38: Replicate Laboratory Data | Z38: Replicate Laboratory Data | AH38: Replicate Laboratory Data | AP38: Replicate Laboratory Data | AY38: Replicate Laboratory Data
B39: Number | C39: Date | D39: Instrument | E39: Analyst | F39: Rank | G39: Tiebreak Result | H39: Result | J39: Number | K39: Date | L39: Instrument | M39: Analyst | N39: Rank | O39: Tiebreak Result | P39: Result | R39: Number | S39: Date | T39: Instrument | U39: Analyst | V39: Rank | W39: Tiebreak Result | X39: Result | Z39: Number | AA39: Date | AB39: Instrument | AC39: Analyst | AD39: Rank | AE39: Tiebreak Result | AF39: Result | AH39: Number | AI39: Date | AJ39: Instrument | AK39: Analyst | AL39: Rank | AM39: Tiebreak Result | AN39: Result | AP39: Number | AQ39: Date | AR39: Instrument | AS39: Analyst | AT39: Rank | AU39: Tiebreak Result | AV39: Result | AY39: Number | AZ39: Date | BA39: Instrument | BB39: Analyst | BC39: Rank | BD39: Tiebreak Result | BE39: Result | BG39: Dixon Q Table (95% CL)
B40: 1 | F40: =IF(G40="","",RANK(G40,$G$40:$G$87)) -> 11 | G40: =IF(H40="","",(COUNTIF($H$40:H40,H40)-1)*0.0001+H40) -> 25.95 | H40: 25.95 | J40: 1 | N40: =IF(O40="","",RANK(O40,$O$40:$O$87)) -> 17 | O40: =IF(P40="","",(COUNTIF($P$40:P40,P40)-1)*0.0001+P40) -> 0.38 | P40: 0.38 | R40: 1 | V40: =IF(W40="","",RANK(W40,$W$40:$W$87)) -> 17 | W40: =IF(X40="","",(COUNTIF($X$40:X40,X40)-1)*0.0001+X40) -> 4.1 | X40: 4.1 | Z40: 1 | AD40: =IF(AE40="","",RANK(AE40,$AE$40:$AE$87)) -> 17 | AE40: =IF(AF40="","",(COUNTIF($AF$40:AF40,AF40)-1)*0.0001+AF40) -> 30.3 | AF40: 30.3 | AH40: 1 | AL40: =IF(AM40="","",RANK(AM40,$AM$40:$AM$87)) -> 16 | AM40: =IF(AN40="","",(COUNTIF($AN$40:AN40,AN40)-1)*0.0001+AN40) -> 14.2 | AN40: 14.2 | AP40: 1 | AT40: =IF(AU40="","",RANK(AU40,$AU$40:$AU$87)) -> 18 | AU40: =IF(AV40="","",(COUNTIF($AV$40:AV40,AV40)-1)*0.0001+AV40) -> 13.4 | AV40: 13.4 | AY40: 1 | BC40: =IF(BD40="","",RANK(BD40,#REF!)) | BD40: =IF(BE40="","",(COUNTIF($AX$40:BE40,BE40)-1)*0.0001+BE40) | BG40: 3 | BH40: 0.97
B41: 2 | F41: =IF(G41="","",RANK(G41,$G$40:$G$87)) -> 22 | G41: =IF(H41="","",(COUNTIF($H$40:H41,H41)-1)*0.0001+H41) -> 25.79 | H41: 25.79 | J41: 2 | N41: =IF(O41="","",RANK(O41,$O$40:$O$87)) -> 25 | O41: =IF(P41="","",(COUNTIF($P$40:P41,P41)-1)*0.0001+P41) -> 0.35 | P41: 0.35 | R41: 2 | V41: =IF(W41="","",RANK(W41,$W$40:$W$87)) -> 7 | W41: =IF(X41="","",(COUNTIF($X$40:X41,X41)-1)*0.0001+X41) -> 4.23 | X41: 4.23 | Z41: 2 | AD41: =IF(AE41="","",RANK(AE41,$AE$40:$AE$87)) -> 12 | AE41: =IF(AF41="","",(COUNTIF($AF$40:AF41,AF41)-1)*0.0001+AF41) -> 30.45 | AF41: 30.45 | AH41: 2 | AL41: =IF(AM41="","",RANK(AM41,$AM$40:$AM$87)) -> 19 | AM41: =IF(AN41="","",(COUNTIF($AN$40:AN41,AN41)-1)*0.0001+AN41) -> 14.12 | AN41: 14.12 | AP41: 2 | AT41: =IF(AU41="","",RANK(AU41,$AU$40:$AU$87)) -> 17 | AU41: =IF(AV41="","",(COUNTIF($AV$40:AV41,AV41)-1)*0.0001+AV41) -> 13.4001 | AV41: 13.4 | AY41: 2 | BC41: =IF(BD41="","",RANK(BD41,#REF!)) | BD41: =IF(BE41="","",(COUNTIF($AX$40:BE41,BE41)-1)*0.0001+BE41) | BG41: 4 | BH41: 0.829
B42: 3 | F42: =IF(G42="","",RANK(G42,$G$40:$G$87)) -> 14 | G42: =IF(H42="","",(COUNTIF($H$40:H42,H42)-1)*0.0001+H42) -> 25.93 | H42: 25.93 | J42: 3 | N42: =IF(O42="","",RANK(O42,$O$40:$O$87)) -> 21 | O42: =IF(P42="","",(COUNTIF($P$40:P42,P42)-1)*0.0001+P42) -> 0.37 | P42: 0.37 | R42: 3 | V42: =IF(W42="","",RANK(W42,$W$40:$W$87)) -> 5 | W42: =IF(X42="","",(COUNTIF($X$40:X42,X42)-1)*0.0001+X42) -> 4.3 | X42: 4.3 | Z42: 3 | AD42: =IF(AE42="","",RANK(AE42,$AE$40:$AE$87)) -> 10 | AE42: =IF(AF42="","",(COUNTIF($AF$40:AF42,AF42)-1)*0.0001+AF42) -> 30.6 | AF42: 30.6 | AH42: 3 | AL42: =IF(AM42="","",RANK(AM42,$AM$40:$AM$87)) -> 15 | AM42: =IF(AN42="","",(COUNTIF($AN$40:AN42,AN42)-1)*0.0001+AN42) -> 14.2001 | AN42: 14.2 | AP42: 3 | AT42: =IF(AU42="","",RANK(AU42,$AU$40:$AU$87)) -> 26 | AU42: =IF(AV42="","",(COUNTIF($AV$40:AV42,AV42)-1)*0.0001+AV42) -> 13.1 | AV42: 13.1 | AY42: 3 | BC42: =IF(BD42="","",RANK(BD42,#REF!)) | BD42: =IF(BE42="","",(COUNTIF($AX$40:BE42,BE42)-1)*0.0001+BE42) | BG42: 5 | BH42: 0.71
B43: 4 | F43: =IF(G43="","",RANK(G43,$G$40:$G$87)) -> 20 | G43: =IF(H43="","",(COUNTIF($H$40:H43,H43)-1)*0.0001+H43) -> 25.85 | H43: 25.85 | J43: 4 | N43: =IF(O43="","",RANK(O43,$O$40:$O$87)) -> 12 | O43: =IF(P43="","",(COUNTIF($P$40:P43,P43)-1)*0.0001+P43) -> 0.39 | P43: 0.39 | R43: 4 | V43: =IF(W43="","",RANK(W43,$W$40:$W$87)) -> 6 | W43: =IF(X43="","",(COUNTIF($X$40:X43,X43)-1)*0.0001+X43) -> 4.29 | X43: 4.29 | Z43: 4 | AD43: =IF(AE43="","",RANK(AE43,$AE$40:$AE$87)) -> 13 | AE43: =IF(AF43="","",(COUNTIF($AF$40:AF43,AF43)-1)*0.0001+AF43) -> 30.4 | AF43: 30.4 | AH43: 4 | AL43: =IF(AM43="","",RANK(AM43,$AM$40:$AM$87)) -> 26 | AM43: =IF(AN43="","",(COUNTIF($AN$40:AN43,AN43)-1)*0.0001+AN43) -> 14 | AN43: 14 | AP43: 4 | AT43: =IF(AU43="","",RANK(AU43,$AU$40:$AU$87)) -> 24 | AU43: =IF(AV43="","",(COUNTIF($AV$40:AV43,AV43)-1)*0.0001+AV43) -> 13.3 | AV43: 13.3 | AY43: 4 | BC43: =IF(BD43="","",RANK(BD43,#REF!)) | BD43: =IF(BE43="","",(COUNTIF($AX$40:BE43,BE43)-1)*0.0001+BE43) | BG43: 6 | BH43: 0.628
B44: 5 | F44: =IF(G44="","",RANK(G44,$G$40:$G$87)) -> 24 | G44: =IF(H44="","",(COUNTIF($H$40:H44,H44)-1)*0.0001+H44) -> 25.64 | H44: 25.64 | J44: 5 | N44: =IF(O44="","",RANK(O44,$O$40:$O$87)) -> 9 | O44: =IF(P44="","",(COUNTIF($P$40:P44,P44)-1)*0.0001+P44) -> 0.4 | P44: 0.4 | R44: 5 | V44: =IF(W44="","",RANK(W44,$W$40:$W$87)) -> 4 | W44: =IF(X44="","",(COUNTIF($X$40:X44,X44)-1)*0.0001+X44) -> 4.3001 | X44: 4.3 | Z44: 5 | AD44: =IF(AE44="","",RANK(AE44,$AE$40:$AE$87)) -> 21 | AE44: =IF(AF44="","",(COUNTIF($AF$40:AF44,AF44)-1)*0.0001+AF44) -> 30.2 | AF44: 30.2 | AH44: 5 | AL44: =IF(AM44="","",RANK(AM44,$AM$40:$AM$87)) -> 24 | AM44: =IF(AN44="","",(COUNTIF($AN$40:AN44,AN44)-1)*0.0001+AN44) -> 14.1 | AN44: 14.1 | AP44: 5 | AT44: =IF(AU44="","",RANK(AU44,$AU$40:$AU$87)) -> 23 | AU44: =IF(AV44="","",(COUNTIF($AV$40:AV44,AV44)-1)*0.0001+AV44) -> 13.3001 | AV44: 13.3 | AY44: 5 | BC44: =IF(BD44="","",RANK(BD44,#REF!)) | BD44: =IF(BE44="","",(COUNTIF($AX$40:BE44,BE44)-1)*0.0001+BE44) | BG44: 7 | BH44: 0.569
B45: 6 | F45: =IF(G45="","",RANK(G45,$G$40:$G$87)) -> 10 | G45: =IF(H45="","",(COUNTIF($H$40:H45,H45)-1)*0.0001+H45) -> 25.97 | H45: 25.97 | J45: 6 | N45: =IF(O45="","",RANK(O45,$O$40:$O$87)) -> 11 | O45: =IF(P45="","",(COUNTIF($P$40:P45,P45)-1)*0.0001+P45) -> 0.3901 | P45: 0.39 | R45: 6 | V45: =IF(W45="","",RANK(W45,$W$40:$W$87)) -> 13 | W45: =IF(X45="","",(COUNTIF($X$40:X45,X45)-1)*0.0001+X45) -> 4.2 | X45: 4.2 | Z45: 6 | AD45: =IF(AE45="","",RANK(AE45,$AE$40:$AE$87)) -> 3 | AE45: =IF(AF45="","",(COUNTIF($AF$40:AF45,AF45)-1)*0.0001+AF45) -> 30.8 | AF45: 30.8 | AH45: 6 | AL45: =IF(AM45="","",RANK(AM45,$AM$40:$AM$87)) -> 8 | AM45: =IF(AN45="","",(COUNTIF($AN$40:AN45,AN45)-1)*0.0001+AN45) -> 14.23 | AN45: 14.23 | AP45: 6 | AT45: =IF(AU45="","",RANK(AU45,$AU$40:$AU$87)) -> 15 | AU45: =IF(AV45="","",(COUNTIF($AV$40:AV45,AV45)-1)*0.0001+AV45) -> 13.6 | AV45: 13.6 | AY45: 6 | BC45: =IF(BD45="","",RANK(BD45,#REF!)) | BD45: =IF(BE45="","",(COUNTIF($AX$40:BE45,BE45)-1)*0.0001+BE45) | BG45: 8 | BH45: 0.608
B46: 9 | F46: =IF(G46="","",RANK(G46,$G$40:$G$87)) -> 2 | G46: =IF(H46="","",(COUNTIF($H$40:H46,H46)-1)*0.0001+H46) -> 26.01 | H46: 26.01 | J46: 9 | N46: =IF(O46="","",RANK(O46,$O$40:$O$87)) -> 5 | O46: =IF(P46="","",(COUNTIF($P$40:P46,P46)-1)*0.0001+P46) -> 0.43 | P46: 0.43 | R46: 9 | V46: =IF(W46="","",RANK(W46,$W$40:$W$87)) -> 3 | W46: =IF(X46="","",(COUNTIF($X$40:X46,X46)-1)*0.0001+X46) -> 4.4 | X46: 4.4 | Z46: 9 | AD46: =IF(AE46="","",RANK(AE46,$AE$40:$AE$87)) -> 19 | AE46: =IF(AF46="","",(COUNTIF($AF$40:AF46,AF46)-1)*0.0001+AF46) -> 30.21 | AF46: 30.21 | AH46: 9 | AL46: =IF(AM46="","",RANK(AM46,$AM$40:$AM$87)) -> 18 | AM46: =IF(AN46="","",(COUNTIF($AN$40:AN46,AN46)-1)*0.0001+AN46) -> 14.15 | AN46: 14.15 | AP46: 9 | AT46: =IF(AU46="","",RANK(AU46,$AU$40:$AU$87)) -> 14 | AU46: =IF(AV46="","",(COUNTIF($AV$40:AV46,AV46)-1)*0.0001+AV46) -> 13.6001 | AV46: 13.6 | AY46: 9 | BC46: =IF(BD46="","",RANK(BD46,#REF!)) | BD46: =IF(BE46="","",(COUNTIF($AX$40:BE46,BE46)-1)*0.0001+BE46) | BG46: 11 | BH46: 0.502
B47: 10 | F47: =IF(G47="","",RANK(G47,$G$40:$G$87)) -> 15 | G47: =IF(H47="","",(COUNTIF($H$40:H47,H47)-1)*0.0001+H47) -> 25.92 | H47: 25.92 | J47: 10 | N47: =IF(O47="","",RANK(O47,$O$40:$O$87)) -> 16 | O47: =IF(P47="","",(COUNTIF($P$40:P47,P47)-1)*0.0001+P47) -> 0.3801 | P47: 0.38 | R47: 10 | V47: =IF(W47="","",RANK(W47,$W$40:$W$87)) -> 22 | W47: =IF(X47="","",(COUNTIF($X$40:X47,X47)-1)*0.0001+X47) -> 4 | X47: 4 | Z47: 10 | AD47: =IF(AE47="","",RANK(AE47,$AE$40:$AE$87)) -> 16 | AE47: =IF(AF47="","",(COUNTIF($AF$40:AF47,AF47)-1)*0.0001+AF47) -> 30.3001 | AF47: 30.3 | AH47: 10 | AL47: =IF(AM47="","",RANK(AM47,$AM$40:$AM$87)) -> 2 | AM47: =IF(AN47="","",(COUNTIF($AN$40:AN47,AN47)-1)*0.0001+AN47) -> 14.34 | AN47: 14.34 | AP47: 10 | AT47: =IF(AU47="","",RANK(AU47,$AU$40:$AU$87)) -> 25 | AU47: =IF(AV47="","",(COUNTIF($AV$40:AV47,AV47)-1)*0.0001+AV47) -> 13.1001 | AV47: 13.1 | AY47: 10 | BC47: =IF(BD47="","",RANK(BD47,#REF!)) | BD47: =IF(BE47="","",(COUNTIF($AX$40:BE47,BE47)-1)*0.0001+BE47) | BG47: 12 | BH47: 0.479
B48: 11 | F48: =IF(G48="","",RANK(G48,$G$40:$G$87)) -> 5 | G48: =IF(H48="","",(COUNTIF($H$40:H48,H48)-1)*0.0001+H48) -> 26 | H48: 26 | J48: 11 | N48: =IF(O48="","",RANK(O48,$O$40:$O$87)) -> 20 | O48: =IF(P48="","",(COUNTIF($P$40:P48,P48)-1)*0.0001+P48) -> 0.3701 | P48: 0.37 | R48: 11 | V48: =IF(W48="","",RANK(W48,$W$40:$W$87)) -> 16 | W48: =IF(X48="","",(COUNTIF($X$40:X48,X48)-1)*0.0001+X48) -> 4.1001 | X48: 4.1 | Z48: 11 | AD48: =IF(AE48="","",RANK(AE48,$AE$40:$AE$87)) -> 5 | AE48: =IF(AF48="","",(COUNTIF($AF$40:AF48,AF48)-1)*0.0001+AF48) -> 30.7 | AF48: 30.7 | AH48: 11 | AL48: =IF(AM48="","",RANK(AM48,$AM$40:$AM$87)) -> 10 | AM48: =IF(AN48="","",(COUNTIF($AN$40:AN48,AN48)-1)*0.0001+AN48) -> 14.21 | AN48: 14.21 | AP48: 11 | AT48: =IF(AU48="","",RANK(AU48,$AU$40:$AU$87)) -> 16 | AU48: =IF(AV48="","",(COUNTIF($AV$40:AV48,AV48)-1)*0.0001+AV48) -> 13.4002 | AV48: 13.4 | AY48: 11 | BC48: =IF(BD48="","",RANK(BD48,#REF!)) | BD48: =IF(BE48="","",(COUNTIF($AX$40:BE48,BE48)-1)*0.0001+BE48) | BG48: 13 | BH48: 0.611
B49: 12 | F49: =IF(G49="","",RANK(G49,$G$40:$G$87)) -> 12 | G49: =IF(H49="","",(COUNTIF($H$40:H49,H49)-1)*0.0001+H49) -> 25.94 | H49: 25.94 | J49: 12 | N49: =IF(O49="","",RANK(O49,$O$40:$O$87)) -> 19 | O49: =IF(P49="","",(COUNTIF($P$40:P49,P49)-1)*0.0001+P49) -> 0.3702 | P49: 0.37 | R49: 12 | V49: =IF(W49="","",RANK(W49,$W$40:$W$87)) -> 21 | W49: =IF(X49="","",(COUNTIF($X$40:X49,X49)-1)*0.0001+X49) -> 4.0001 | X49: 4 | Z49: 12 | AD49: =IF(AE49="","",RANK(AE49,$AE$40:$AE$87)) -> 9 | AE49: =IF(AF49="","",(COUNTIF($AF$40:AF49,AF49)-1)*0.0001+AF49) -> 30.6001 | AF49: 30.6 | AH49: 12 | AL49: =IF(AM49="","",RANK(AM49,$AM$40:$AM$87)) -> 7 | AM49: =IF(AN49="","",(COUNTIF($AN$40:AN49,AN49)-1)*0.0001+AN49) -> 14.3 | AN49: 14.3 | AP49: 12 | AT49: =IF(AU49="","",RANK(AU49,$AU$40:$AU$87)) -> 22 | AU49: =IF(AV49="","",(COUNTIF($AV$40:AV49,AV49)-1)*0.0001+AV49) -> 13.3002 | AV49: 13.3 | AY49: 12 | BC49: =IF(BD49="","",RANK(BD49,#REF!)) | BD49: =IF(BE49="","",(COUNTIF($AX$40:BE49,BE49)-1)*0.0001+BE49) | BG49: 14 | BH49: 0.586
B50: 13 | F50: =IF(G50="","",RANK(G50,$G$40:$G$87)) -> 16 | G50: =IF(H50="","",(COUNTIF($H$40:H50,H50)-1)*0.0001+H50) -> 25.91 | H50: 25.91 | J50: 13 | N50: =IF(O50="","",RANK(O50,$O$40:$O$87)) -> 8 | O50: =IF(P50="","",(COUNTIF($P$40:P50,P50)-1)*0.0001+P50) -> 0.4001 | P50: 0.4 | R50: 13 | V50: =IF(W50="","",RANK(W50,$W$40:$W$87)) -> 24 | W50: =IF(X50="","",(COUNTIF($X$40:X50,X50)-1)*0.0001+X50) -> 3.9 | X50: 3.9 | Z50: 13 | AD50: =IF(AE50="","",RANK(AE50,$AE$40:$AE$87)) -> 11 | AE50: =IF(AF50="","",(COUNTIF($AF$40:AF50,AF50)-1)*0.0001+AF50) -> 30.5 | AF50: 30.5 | AH50: 13 | AL50: =IF(AM50="","",RANK(AM50,$AM$40:$AM$87)) -> 25 | AM50: =IF(AN50="","",(COUNTIF($AN$40:AN50,AN50)-1)*0.0001+AN50) -> 14.0001 | AN50: 14 | AP50: 13 | AT50: =IF(AU50="","",RANK(AU50,$AU$40:$AU$87)) -> 21 | AU50: =IF(AV50="","",(COUNTIF($AV$40:AV50,AV50)-1)*0.0001+AV50) -> 13.3003 | AV50: 13.3 | AY50: 13 | BC50: =IF(BD50="","",RANK(BD50,#REF!)) | BD50: =IF(BE50="","",(COUNTIF($AX$40:BE50,BE50)-1)*0.0001+BE50) | BG50: 15 | BH50: 0.565
B51: 14 | F51: =IF(G51="","",RANK(G51,$G$40:$G$87)) -> 9 | G51: =IF(H51="","",(COUNTIF($H$40:H51,H51)-1)*0.0001+H51) -> 25.98 | H51: 25.98 | J51: 14 | N51: =IF(O51="","",RANK(O51,$O$40:$O$87)) -> 18 | O51: =IF(P51="","",(COUNTIF($P$40:P51,P51)-1)*0.0001+P51) -> 0.3703 | P51: 0.37 | R51: 14 | V51: =IF(W51="","",RANK(W51,$W$40:$W$87)) -> 23 | W51: =IF(X51="","",(COUNTIF($X$40:X51,X51)-1)*0.0001+X51) -> 3.9001 | X51: 3.9 | Z51: 14 | AD51: =IF(AE51="","",RANK(AE51,$AE$40:$AE$87)) -> 15 | AE51: =IF(AF51="","",(COUNTIF($AF$40:AF51,AF51)-1)*0.0001+AF51) -> 30.3002 | AF51: 30.3 | AH51: 14 | AL51: =IF(AM51="","",RANK(AM51,$AM$40:$AM$87)) -> 17 | AM51: =IF(AN51="","",(COUNTIF($AN$40:AN51,AN51)-1)*0.0001+AN51) -> 14.1501 | AN51: 14.15 | AP51: 14 | AT51: =IF(AU51="","",RANK(AU51,$AU$40:$AU$87)) -> 20 | AU51: =IF(AV51="","",(COUNTIF($AV$40:AV51,AV51)-1)*0.0001+AV51) -> 13.3004 | AV51: 13.3 | AY51: 14 | BC51: =IF(BD51="","",RANK(BD51,#REF!)) | BD51: =IF(BE51="","",(COUNTIF($AX$40:BE51,BE51)-1)*0.0001+BE51) | BG51: 16 | BH51: 0.546
... B57: 20 | F57: =IF(G57="","",RANK(G57,$G$40:$G$87)) -> 18 | G57: =IF(H57="","",(COUNTIF($H$40:H57,H57)-1)*0.0001+H57) -> 25.8901 | H57: 25.89 | J57: 20 | N57: =IF(O57="","",RANK(O57,$O$40:$O$87)) -> 14 | O57: =IF(P57="","",(COUNTIF($P$40:P57,P57)-1)*0.0001+P57) -> 0.3803 | P57: 0.38 | R57: 20 | V57: =IF(W57="","",RANK(W57,$W$40:$W$87)) -> 11 | W57: =IF(X57="","",(COUNTIF($X$40:X57,X57)-1)*0.0001+X57) -> 4.2002 | X57: 4.2 | Z57: 20 | AD57: =IF(AE57="","",RANK(AE57,$AE$40:$AE$87)) -> 1 | AE57: =IF(AF57="","",(COUNTIF($AF$40:AF57,AF57)-1)*0.0001+AF57) -> 30.9 | AF57: 30.9 | AH57: 20 | AL57: =IF(AM57="","",RANK(AM57,$AM$40:$AM$87)) -> 4 | AM57: =IF(AN57="","",(COUNTIF($AN$40:AN57,AN57)-1)*0.0001+AN57) -> 14.3003 | AN57: 14.3 | AP57: 20 | AT57: =IF(AU57="","",RANK(AU57,$AU$40:$AU$87)) -> 10 | AU57: =IF(AV57="","",(COUNTIF($AV$40:AV57,AV57)-1)*0.0001+AV57) -> 14 | AV57: 14 | AY57: 20 | BC57: =IF(BD57="","",RANK(BD57,#REF!)) | BD57: =IF(BE57="","",(COUNTIF($AX$40:BE57,BE57)-1)*0.0001+BE57) | BG57: 22 | BH57: 0.468
B58: 21 | F58: =IF(G58="","",RANK(G58,$G$40:$G$87)) -> 1 | G58: =IF(H58="","",(COUNTIF($H$40:H58,H58)-1)*0.0001+H58) -> 26.02 | H58: 26.02 | J58: 21 | N58: =IF(O58="","",RANK(O58,$O$40:$O$87)) -> 24 | O58: =IF(P58="","",(COUNTIF($P$40:P58,P58)-1)*0.0001+P58) -> 0.3501 | P58: 0.35 | R58: 21 | V58: =IF(W58="","",RANK(W58,$W$40:$W$87)) -> 10 | W58: =IF(X58="","",(COUNTIF($X$40:X58,X58)-1)*0.0001+X58) -> 4.2003 | X58: 4.2 | Z58: 21 | AD58: =IF(AE58="","",RANK(AE58,$AE$40:$AE$87)) -> 2 | AE58: =IF(AF58="","",(COUNTIF($AF$40:AF58,AF58)-1)*0.0001+AF58) -> 30.8001 | AF58: 30.8 | AH58: 21 | AL58: =IF(AM58="","",RANK(AM58,$AM$40:$AM$87)) -> 13 | AM58: =IF(AN58="","",(COUNTIF($AN$40:AN58,AN58)-1)*0.0001+AN58) -> 14.2003 | AN58: 14.2 | AP58: 21 | AT58: =IF(AU58="","",RANK(AU58,$AU$40:$AU$87)) -> 4 | AU58: =IF(AV58="","",(COUNTIF($AV$40:AV58,AV58)-1)*0.0001+AV58) -> 14.3002 | AV58: 14.3 | AY58: 21 | BC58: =IF(BD58="","",RANK(BD58,$O$40:$O$87)) | BD58: =IF(BE58="","",(COUNTIF($P$40:BE58,BE58)-1)*0.0001+BE58) | BG58: 23 | BH58: 0.459
B59: 22 | F59: =IF(G59="","",RANK(G59,$G$40:$G$87)) -> 6 | G59: =IF(H59="","",(COUNTIF($H$40:H59,H59)-1)*0.0001+H59) -> 25.9901 | H59: 25.99 | J59: 22 | N59: =IF(O59="","",RANK(O59,$O$40:$O$87)) -> 23 | O59: =IF(P59="","",(COUNTIF($P$40:P59,P59)-1)*0.0001+P59) -> 0.36 | P59: 0.36 | R59: 22 | V59: =IF(W59="","",RANK(W59,$W$40:$W$87)) -> 19 | W59: =IF(X59="","",(COUNTIF($X$40:X59,X59)-1)*0.0001+X59) -> 4.0003 | X59: 4 | Z59: 22 | AD59: =IF(AE59="","",RANK(AE59,$AE$40:$AE$87)) -> 24 | AE59: =IF(AF59="","",(COUNTIF($AF$40:AF59,AF59)-1)*0.0001+AF59) -> 30.1 | AF59: 30.1 | AH59: 22 | AL59: =IF(AM59="","",RANK(AM59,$AM$40:$AM$87)) -> 23 | AM59: =IF(AN59="","",(COUNTIF($AN$40:AN59,AN59)-1)*0.0001+AN59) -> 14.1001 | AN59: 14.1 | AP59: 22 | AT59: =IF(AU59="","",RANK(AU59,$AU$40:$AU$87)) -> 13 | AU59: =IF(AV59="","",(COUNTIF($AV$40:AV59,AV59)-1)*0.0001+AV59) -> 13.7 | AV59: 13.7 | AY59: 22 | BC59: =IF(BD59="","",RANK(BD59,$O$40:$O$87)) | BD59: =IF(BE59="","",(COUNTIF($P$40:BE59,BE59)-1)*0.0001+BE59) | BG59: 24 | BH59: 0.451
B60: 23 | F60: =IF(G60="","",RANK(G60,$G$40:$G$87)) -> 13 | G60: =IF(H60="","",(COUNTIF($H$40:H60,H60)-1)*0.0001+H60) -> 25.9301 | H60: 25.93 | J60: 23 | N60: =IF(O60="","",RANK(O60,$O$40:$O$87)) -> 1 | O60: =IF(P60="","",(COUNTIF($P$40:P60,P60)-1)*0.0001+P60) -> 0.45 | P60: 0.45 | R60: 23 | V60: =IF(W60="","",RANK(W60,$W$40:$W$87)) -> 26 | W60: =IF(X60="","",(COUNTIF($X$40:X60,X60)-1)*0.0001+X60) -> 3.8 | X60: 3.8 | Z60: 23 | AD60: =IF(AE60="","",RANK(AE60,$AE$40:$AE$87)) -> 23 | AE60: =IF(AF60="","",(COUNTIF($AF$40:AF60,AF60)-1)*0.0001+AF60) -> 30.1001 | AF60: 30.1 | AH60: 23 | AL60: =IF(AM60="","",RANK(AM60,$AM$40:$AM$87)) -> 12 | AM60: =IF(AN60="","",(COUNTIF($AN$40:AN60,AN60)-1)*0.0001+AN60) -> 14.2004 | AN60: 14.2 | AP60: 23 | AT60: =IF(AU60="","",RANK(AU60,$AU$40:$AU$87)) -> 3 | AU60: =IF(AV60="","",(COUNTIF($AV$40:AV60,AV60)-1)*0.0001+AV60) -> 14.4 | AV60: 14.4 | AY60: 23 | BC60: =IF(BD60="","",RANK(BD60,$O$40:$O$87)) | BD60: =IF(BE60="","",(COUNTIF($P$40:BE60,BE60)-1)*0.0001+BE60) | BG60: 25 | BH60: 0.443
B61: 24 | F61: =IF(G61="","",RANK(G61,$G$40:$G$87)) -> 21 | G61: =IF(H61="","",(COUNTIF($H$40:H61,H61)-1)*0.0001+H61) -> 25.82 | H61: 25.82 | J61: 24 | N61: =IF(O61="","",RANK(O61,$O$40:$O$87)) -> 22 | O61: =IF(P61="","",(COUNTIF($P$40:P61,P61)-1)*0.0001+P61) -> 0.3601 | P61: 0.36 | R61: 24 | V61: =IF(W61="","",RANK(W61,$W$40:$W$87)) -> 9 | W61: =IF(X61="","",(COUNTIF($X$40:X61,X61)-1)*0.0001+X61) -> 4.2004 | X61: 4.2 | Z61: 24 | AD61: =IF(AE61="","",RANK(AE61,$AE$40:$AE$87)) -> 25 | AE61: =IF(AF61="","",(COUNTIF($AF$40:AF61,AF61)-1)*0.0001+AF61) -> 30.0001 | AF61: 30 | AH61: 24 | AL61: =IF(AM61="","",RANK(AM61,$AM$40:$AM$87)) -> 11 | AM61: =IF(AN61="","",(COUNTIF($AN$40:AN61,AN61)-1)*0.0001+AN61) -> 14.2005 | AN61: 14.2 | AP61: 24 | AT61: =IF(AU61="","",RANK(AU61,$AU$40:$AU$87)) -> 9 | AU61: =IF(AV61="","",(COUNTIF($AV$40:AV61,AV61)-1)*0.0001+AV61) -> 14.1 | AV61: 14.1 | AY61: 24 | BC61: =IF(BD61="","",RANK(BD61,$O$40:$O$87)) | BD61: =IF(BE61="","",(COUNTIF($P$40:BE61,BE61)-1)*0.0001+BE61) | BG61: 26 | BH61: 0.436
B62: 25 | F62: =IF(G62="","",RANK(G62,$G$40:$G$87)) -> 23 | G62: =IF(H62="","",(COUNTIF($H$40:H62,H62)-1)*0.0001+H62) -> 25.76 | H62: 25.76 | J62: 25 | N62: =IF(O62="","",RANK(O62,$O$40:$O$87)) -> 2 | O62: =IF(P62="","",(COUNTIF($P$40:P62,P62)-1)*0.0001+P62) -> 0.4303 | P62: 0.43 | R62: 25 | V62: =IF(W62="","",RANK(W62,$W$40:$W$87)) -> 8 | W62: =IF(X62="","",(COUNTIF($X$40:X62,X62)-1)*0.0001+X62) -> 4.2005 | X62: 4.2 | Z62: 25 | AD62: =IF(AE62="","",RANK(AE62,$AE$40:$AE$87)) -> 20 | AE62: =IF(AF62="","",(COUNTIF($AF$40:AF62,AF62)-1)*0.0001+AF62) -> 30.2001 | AF62: 30.2 | AH62: 25 | AL62: =IF(AM62="","",RANK(AM62,$AM$40:$AM$87)) -> 22 | AM62: =IF(AN62="","",(COUNTIF($AN$40:AN62,AN62)-1)*0.0001+AN62) -> 14.1002 | AN62: 14.1 | AP62: 25 | AT62: =IF(AU62="","",RANK(AU62,$AU$40:$AU$87)) -> 1 | AU62: =IF(AV62="","",(COUNTIF($AV$40:AV62,AV62)-1)*0.0001+AV62) -> 14.7001 | AV62: 14.7 | AY62: 25 | BC62: =IF(BD62="","",RANK(BD62,$O$40:$O$87)) | BD62: =IF(BE62="","",(COUNTIF($P$40:BE62,BE62)-1)*0.0001+BE62) | BG62: 27 | BH62: 0.429
B63: 26 | F63: =IF(G63="","",RANK(G63,$G$40:$G$87)) -> 17 | G63: =IF(H63="","",(COUNTIF($H$40:H63,H63)-1)*0.0001+H63) -> 25.8902 | H63: 25.89 | J63: 26 | N63: =IF(O63="","",RANK(O63,$O$40:$O$87)) -> 7 | O63: =IF(P63="","",(COUNTIF($P$40:P63,P63)-1)*0.0001+P63) -> 0.4002 | P63: 0.4 | R63: 26 | V63: =IF(W63="","",RANK(W63,$W$40:$W$87)) -> 18 | W63: =IF(X63="","",(COUNTIF($X$40:X63,X63)-1)*0.0001+X63) -> 4.0004 | X63: 4 | Z63: 26 | AD63: =IF(AE63="","",RANK(AE63,$AE$40:$AE$87)) -> 18 | AE63: =IF(AF63="","",(COUNTIF($AF$40:AF63,AF63)-1)*0.0001+AF63) -> 30.23 | AF63: 30.23 | AH63: 26 | AL63: =IF(AM63="","",RANK(AM63,$AM$40:$AM$87)) -> 21 | AM63: =IF(AN63="","",(COUNTIF($AN$40:AN63,AN63)-1)*0.0001+AN63) -> 14.1003 | AN63: 14.1 | AP63: 26 | AT63: =IF(AU63="","",RANK(AU63,$AU$40:$AU$87)) -> 12 | AU63: =IF(AV63="","",(COUNTIF($AV$40:AV63,AV63)-1)*0.0001+AV63) -> 13.7001 | AV63: 13.7 | AY63: 26 | BC63: =IF(BD63="","",RANK(BD63,$O$40:$O$87)) | BD63: =IF(BE63="","",(COUNTIF($P$40:BE63,BE63)-1)*0.0001+BE63) | BG63: 28 | BH63: 0.423
B64: 27 | F64: =IF(G64="","",RANK(G64,$G$40:$G$87)) -> 3 | G64: =IF(H64="","",(COUNTIF($H$40:H64,H64)-1)*0.0001+H64) -> 26.0002 | H64: 26 | J64: 27 | N64: =IF(O64="","",RANK(O64,$O$40:$O$87)) -> 13 | O64: =IF(P64="","",(COUNTIF($P$40:P64,P64)-1)*0.0001+P64) -> 0.3804 | P64: 0.38 | R64: 27 | V64: =IF(W64="","",RANK(W64,$W$40:$W$87)) -> 25 | W64: =IF(X64="","",(COUNTIF($X$40:X64,X64)-1)*0.0001+X64) -> 3.8001 | X64: 3.8 | Z64: 27 | AD64: =IF(AE64="","",RANK(AE64,$AE$40:$AE$87)) -> 6 | AE64: =IF(AF64="","",(COUNTIF($AF$40:AF64,AF64)-1)*0.0001+AF64) -> 30.6004 | AF64: 30.6 | AH64: 27 | AL64: =IF(AM64="","",RANK(AM64,$AM$40:$AM$87)) -> 20 | AM64: =IF(AN64="","",(COUNTIF($AN$40:AN64,AN64)-1)*0.0001+AN64) -> 14.1004 | AN64: 14.1 | AP64: 27 | AT64: =IF(AU64="","",RANK(AU64,$AU$40:$AU$87)) -> 8 | AU64: =IF(AV64="","",(COUNTIF($AV$40:AV64,AV64)-1)*0.0001+AV64) -> 14.1001 | AV64: 14.1 | AY64: 27 | BC64: =IF(BD64="","",RANK(BD64,$O$40:$O$87)) | BD64: =IF(BE64="","",(COUNTIF($P$40:BE64,BE64)-1)*0.0001+BE64) | BG64: 29 | BH64: 0.417
B65: 28 | F65: =IF(G65="","",RANK(G65,$G$40:$G$87)) -> 26 | G65: =IF(H65="","",(COUNTIF($H$40:H65,H65)-1)*0.0001+H65) -> 25.59 | H65: 25.59 | J65: 28 | N65: =IF(O65="","",RANK(O65,$O$40:$O$87)) | O65: =IF(P65="","",(COUNTIF($P$40:P65,P65)-1)*0.0001+P65) | R65: 28 | V65: =IF(W65="","",RANK(W65,$W$40:$W$87)) -> 14 | W65: =IF(X65="","",(COUNTIF($X$40:X65,X65)-1)*0.0001+X65) -> 4.1003 | X65: 4.1 | Z65: 28 | AD65: =IF(AE65="","",RANK(AE65,$AE$40:$AE$87)) -> 22 | AE65: =IF(AF65="","",(COUNTIF($AF$40:AF65,AF65)-1)*0.0001+AF65) -> 30.1002 | AF65: 30.1 | AH65: 28 | AL65: =IF(AM65="","",RANK(AM65,$AM$40:$AM$87)) -> 9 | AM65: =IF(AN65="","",(COUNTIF($AN$40:AN65,AN65)-1)*0.0001+AN65) -> 14.22 | AN65: 14.22 | AP65: 28 | AT65: =IF(AU65="","",RANK(AU65,$AU$40:$AU$87)) -> 11 | AU65: =IF(AV65="","",(COUNTIF($AV$40:AV65,AV65)-1)*0.0001+AV65) -> 13.7002 | AV65: 13.7 | AY65: 28 | BC65: =IF(BD65="","",RANK(BD65,$O$40:$O$87)) | BD65: =IF(BE65="","",(COUNTIF($P$40:BE65,BE65)-1)*0.0001+BE65) | BG65: 30 | BH65: 0.412
B66: 29 | F66: =IF(G66="","",RANK(G66,$G$40:$G$87)) | G66: =IF(H66="","",(COUNTIF($H$40:H66,H66)-1)*0.0001+H66) | J66: 29 | N66: =IF(O66="","",RANK(O66,$O$40:$O$87)) | O66: =IF(P66="","",(COUNTIF($P$40:P66,P66)-1)*0.0001+P66) | R66: 29 | V66: =IF(W66="","",RANK(W66,$W$40:$W$87)) | W66: =IF(X66="","",(COUNTIF($X$40:X66,X66)-1)*0.0001+X66) | Z66: 29 | AD66: =IF(AE66="","",RANK(AE66,$AE$40:$AE$87)) | AE66: =IF(AF66="","",(COUNTIF($AF$40:AF66,AF66)-1)*0.0001+AF66) | AH66: 29 | AL66: =IF(AM66="","",RANK(AM66,$AM$40:$AM$87)) | AM66: =IF(AN66="","",(COUNTIF($AN$40:AN66,AN66)-1)*0.0001+AN66) | AP66: 29 | AT66: =IF(AU66="","",RANK(AU66,$AU$40:$AU$87)) | AU66: =IF(AV66="","",(COUNTIF($AV$40:AV66,AV66)-1)*0.0001+AV66) | AY66: 29 | BC66: =IF(BD66="","",RANK(BD66,$O$40:$O$87)) | BD66: =IF(BE66="","",(COUNTIF($P$40:BE66,BE66)-1)*0.0001+BE66) | BG66: 31 | BH66: 0.407
B67: 30 | F67: =IF(G67="","",RANK(G67,$G$40:$G$87)) | G67: =IF(H67="","",(COUNTIF($H$40:H67,H67)-1)*0.0001+H67) | J67: 30 | N67: =IF(O67="","",RANK(O67,$O$40:$O$87)) | O67: =IF(P67="","",(COUNTIF($P$40:P67,P67)-1)*0.0001+P67) | R67: 30 | V67: =IF(W67="","",RANK(W67,$W$40:$W$87)) | W67: =IF(X67="","",(COUNTIF($X$40:X67,X67)-1)*0.0001+X67) | Z67: 30 | AD67: =IF(AE67="","",RANK(AE67,$AE$40:$AE$87)) | AE67: =IF(AF67="","",(COUNTIF($AF$40:AF67,AF67)-1)*0.0001+AF67) | AH67: 30 | AL67: =IF(AM67="","",RANK(AM67,$AM$40:$AM$87)) | AM67: =IF(AN67="","",(COUNTIF($AN$40:AN67,AN67)-1)*0.0001+AN67) | AP67: 30 | AT67: =IF(AU67="","",RANK(AU67,$AU$40:$AU$87)) | AU67: =IF(AV67="","",(COUNTIF($AV$40:AV67,AV67)-1)*0.0001+AV67) | AY67: 30 | BC67: =IF(BD67="","",RANK(BD67,$O$40:$O$87)) | BD67: =IF(BE67="","",(COUNTIF($P$40:BE67,BE67)-1)*0.0001+BE67) | BG67: 32 | BH67: 0.402
B68: 31 | F68: =IF(G68="","",RANK(G68,$G$40:$G$87)) | G68: =IF(H68="","",(COUNTIF($H$40:H68,H68)-1)*0.0001+H68) | J68: 31 | N68: =IF(O68="","",RANK(O68,$O$40:$O$87)) | O68: =IF(P68="","",(COUNTIF($P$40:P68,P68)-1)*0.0001+P68) | R68: 31 | V68: =IF(W68="","",RANK(W68,$W$40:$W$87)) | W68: =IF(X68="","",(COUNTIF($X$40:X68,X68)-1)*0.0001+X68) | Z68: 31 | AD68: =IF(AE68="","",RANK(AE68,$AE$40:$AE$87)) | AE68: =IF(AF68="","",(COUNTIF($AF$40:AF68,AF68)-1)*0.0001+AF68) | AH68: 31 | AL68: =IF(AM68="","",RANK(AM68,$AM$40:$AM$87)) | AM68: =IF(AN68="","",(COUNTIF($AN$40:AN68,AN68)-1)*0.0001+AN68) | AP68: 31 | AT68: =IF(AU68="","",RANK(AU68,$AU$40:$AU$87)) | AU68: =IF(AV68="","",(COUNTIF($AV$40:AV68,AV68)-1)*0.0001+AV68) | AY68: 31 | BC68: =IF(BD68="","",RANK(BD68,$O$40:$O$87)) | BD68: =IF(BE68="","",(COUNTIF($P$40:BE68,BE68)-1)*0.0001+BE68) | BG68: 33 | BH68: 0.397
B69: 32 | F69: =IF(G69="","",RANK(G69,$G$40:$G$87)) | G69: =IF(H69="","",(COUNTIF($H$40:H69,H69)-1)*0.0001+H69) | J69: 32 | N69: =IF(O69="","",RANK(O69,$O$40:$O$87)) | O69: =IF(P69="","",(COUNTIF($P$40:P69,P69)-1)*0.0001+P69) | R69: 32 | V69: =IF(W69="","",RANK(W69,$W$40:$W$87)) | W69: =IF(X69="","",(COUNTIF($X$40:X69,X69)-1)*0.0001+X69) | Z69: 32 | AD69: =IF(AE69="","",RANK(AE69,$AE$40:$AE$87)) | AE69: =IF(AF69="","",(COUNTIF($AF$40:AF69,AF69)-1)*0.0001+AF69) | AH69: 32 | AL69: =IF(AM69="","",RANK(AM69,$AM$40:$AM$87)) | AM69: =IF(AN69="","",(COUNTIF($AN$40:AN69,AN69)-1)*0.0001+AN69) | AP69: 32 | AT69: =IF(AU69="","",RANK(AU69,$AU$40:$AU$87)) | AU69: =IF(AV69="","",(COUNTIF($AV$40:AV69,AV69)-1)*0.0001+AV69) | AY69: 32 | BC69: =IF(BD69="","",RANK(BD69,$O$40:$O$87)) | BD69: =IF(BE69="","",(COUNTIF($P$40:BE69,BE69)-1)*0.0001+BE69) | BG69: 34 | BH69: 0.393
B70: 33 | F70: =IF(G70="","",RANK(G70,$G$40:$G$87)) | G70: =IF(H70="","",(COUNTIF($H$40:H70,H70)-1)*0.0001+H70) | J70: 33 | N70: =IF(O70="","",RANK(O70,$O$40:$O$87)) | O70: =IF(P70="","",(COUNTIF($P$40:P70,P70)-1)*0.0001+P70) | R70: 33 | V70: =IF(W70="","",RANK(W70,$W$40:$W$87)) | W70: =IF(X70="","",(COUNTIF($X$40:X70,X70)-1)*0.0001+X70) | Z70: 33 | AD70: =IF(AE70="","",RANK(AE70,$AE$40:$AE$87)) | AE70: =IF(AF70="","",(COUNTIF($AF$40:AF70,AF70)-1)*0.0001+AF70) | AH70: 33 | AL70: =IF(AM70="","",RANK(AM70,$AM$40:$AM$87)) | AM70: =IF(AN70="","",(COUNTIF($AN$40:AN70,AN70)-1)*0.0001+AN70) | AP70: 33 | AT70: =IF(AU70="","",RANK(AU70,$AU$40:$AU$87)) | AU70: =IF(AV70="","",(COUNTIF($AV$40:AV70,AV70)-1)*0.0001+AV70) | AY70: 33 | BC70: =IF(BD70="","",RANK(BD70,$O$40:$O$87)) | BD70: =IF(BE70="","",(COUNTIF($P$40:BE70,BE70)-1)*0.0001+BE70) | BG70: 35 | BH70: 0.388
B71: 34 | F71: =IF(G71="","",RANK(G71,$G$40:$G$87)) | G71: =IF(H71="","",(COUNTIF($H$40:H71,H71)-1)*0.0001+H71) | J71: 34 | N71: =IF(O71="","",RANK(O71,$O$40:$O$87)) | O71: =IF(P71="","",(COUNTIF($P$40:P71,P71)-1)*0.0001+P71) | R71: 34 | V71: =IF(W71="","",RANK(W71,$W$40:$W$87)) | W71: =IF(X71="","",(COUNTIF($X$40:X71,X71)-1)*0.0001+X71) | Z71: 34 | AD71: =IF(AE71="","",RANK(AE71,$AE$40:$AE$87)) | AE71: =IF(AF71="","",(COUNTIF($AF$40:AF71,AF71)-1)*0.0001+AF71) | AH71: 34 | AL71: =IF(AM71="","",RANK(AM71,$AM$40:$AM$87)) | AM71: =IF(AN71="","",(COUNTIF($AN$40:AN71,AN71)-1)*0.0001+AN71) | AP71: 34 | AT71: =IF(AU71="","",RANK(AU71,$AU$40:$AU$87)) | AU71: =IF(AV71="","",(COUNTIF($AV$40:AV71,AV71)-1)*0.0001+AV71) | AY71: 34 | BC71: =IF(BD71="","",RANK(BD71,$O$40:$O$87)) | BD71: =IF(BE71="","",(COUNTIF($P$40:BE71,BE71)-1)*0.0001+BE71) | BG71: 36 | BH71: 0.384
B72: 35 | F72: =IF(G72="","",RANK(G72,$G$40:$G$87)) | G72: =IF(H72="","",(COUNTIF($H$40:H72,H72)-1)*0.0001+H72) | J72: 35 | N72: =IF(O72="","",RANK(O72,$O$40:$O$87)) | O72: =IF(P72="","",(COUNTIF($P$40:P72,P72)-1)*0.0001+P72) | R72: 35 | V72: =IF(W72="","",RANK(W72,$W$40:$W$87)) | W72: =IF(X72="","",(COUNTIF($X$40:X72,X72)-1)*0.0001+X72) | Z72: 35 | AD72: =IF(AE72="","",RANK(AE72,$AE$40:$AE$87)) | AE72: =IF(AF72="","",(COUNTIF($AF$40:AF72,AF72)-1)*0.0001+AF72) | AH72: 35 | AL72: =IF(AM72="","",RANK(AM72,$AM$40:$AM$87)) | AM72: =IF(AN72="","",(COUNTIF($AN$40:AN72,AN72)-1)*0.0001+AN72) | AP72: 35 | AT72: =IF(AU72="","",RANK(AU72,$AU$40:$AU$87)) | AU72: =IF(AV72="","",(COUNTIF($AV$40:AV72,AV72)-1)*0.0001+AV72) | AY72: 35 | BC72: =IF(BD72="","",RANK(BD72,$O$40:$O$87)) | BD72: =IF(BE72="","",(COUNTIF($P$40:BE72,BE72)-1)*0.0001+BE72) | BG72: 37 | BH72: 0.381
B73: 36 | F73: =IF(G73="","",RANK(G73,$G$40:$G$87)) | G73: =IF(H73="","",(COUNTIF($H$40:H73,H73)-1)*0.0001+H73) | J73: 36 | N73: =IF(O73="","",RANK(O73,$O$40:$O$87)) | O73: =IF(P73="","",(COUNTIF($P$40:P73,P73)-1)*0.0001+P73) | R73: 36 | V73: =IF(W73="","",RANK(W73,$W$40:$W$87)) | W73: =IF(X73="","",(COUNTIF($X$40:X73,X73)-1)*0.0001+X73) | Z73: 36 | AD73: =IF(AE73="","",RANK(AE73,$AE$40:$AE$87)) | AE73: =IF(AF73="","",(COUNTIF($AF$40:AF73,AF73)-1)*0.0001+AF73) | AH73: 36 | AL73: =IF(AM73="","",RANK(AM73,$AM$40:$AM$87)) | AM73: =IF(AN73="","",(COUNTIF($AN$40:AN73,AN73)-1)*0.0001+AN73) | AP73: 36 | AT73: =IF(AU73="","",RANK(AU73,$AU$40:$AU$87)) | AU73: =IF(AV73="","",(COUNTIF($AV$40:AV73,AV73)-1)*0.0001+AV73) | AY73: 36 | BC73: =IF(BD73="","",RANK(BD73,$O$40:$O$87)) | BD73: =IF(BE73="","",(COUNTIF($P$40:BE73,BE73)-1)*0.0001+BE73) | BG73: 38 | BH73: 0.377
B74: 37 | F74: =IF(G74="","",RANK(G74,$G$40:$G$87)) | G74: =IF(H74="","",(COUNTIF($H$40:H74,H74)-1)*0.0001+H74) | J74: 37 | N74: =IF(O74="","",RANK(O74,$O$40:$O$87)) | O74: =IF(P74="","",(COUNTIF($P$40:P74,P74)-1)*0.0001+P74) | R74: 37 | V74: =IF(W74="","",RANK(W74,$W$40:$W$87)) | W74: =IF(X74="","",(COUNTIF($X$40:X74,X74)-1)*0.0001+X74) | Z74: 37 | AD74: =IF(AE74="","",RANK(AE74,$AE$40:$AE$87)) | AE74: =IF(AF74="","",(COUNTIF($AF$40:AF74,AF74)-1)*0.0001+AF74) | AH74: 37 | AL74: =IF(AM74="","",RANK(AM74,$AM$40:$AM$87)) | AM74: =IF(AN74="","",(COUNTIF($AN$40:AN74,AN74)-1)*0.0001+AN74) | AP74: 37 | AT74: =IF(AU74="","",RANK(AU74,$AU$40:$AU$87)) | AU74: =IF(AV74="","",(COUNTIF($AV$40:AV74,AV74)-1)*0.0001+AV74) | AY74: 37 | BC74: =IF(BD74="","",RANK(BD74,$O$40:$O$87)) | BD74: =IF(BE74="","",(COUNTIF($P$40:BE74,BE74)-1)*0.0001+BE74) | BG74: 39 | BH74: 0.374
B75: 38 | F75: =IF(G75="","",RANK(G75,$G$40:$G$87)) | G75: =IF(H75="","",(COUNTIF($H$40:H75,H75)-1)*0.0001+H75) | J75: 38 | N75: =IF(O75="","",RANK(O75,$O$40:$O$87)) | O75: =IF(P75="","",(COUNTIF($P$40:P75,P75)-1)*0.0001+P75) | R75: 38 | V75: =IF(W75="","",RANK(W75,$W$40:$W$87)) | W75: =IF(X75="","",(COUNTIF($X$40:X75,X75)-1)*0.0001+X75) | Z75: 38 | AD75: =IF(AE75="","",RANK(AE75,$AE$40:$AE$87)) | AE75: =IF(AF75="","",(COUNTIF($AF$40:AF75,AF75)-1)*0.0001+AF75) | AH75: 38 | AL75: =IF(AM75="","",RANK(AM75,$AM$40:$AM$87)) | AM75: =IF(AN75="","",(COUNTIF($AN$40:AN75,AN75)-1)*0.0001+AN75) | AP75: 38 | AT75: =IF(AU75="","",RANK(AU75,$AU$40:$AU$87)) | AU75: =IF(AV75="","",(COUNTIF($AV$40:AV75,AV75)-1)*0.0001+AV75) | AY75: 38 | BC75: =IF(BD75="","",RANK(BD75,$O$40:$O$87)) | BD75: =IF(BE75="","",(COUNTIF($P$40:BE75,BE75)-1)*0.0001+BE75) | BG75: 40 | BH75: 0.371
B76: 39 | F76: =IF(G76="","",RANK(G76,$G$40:$G$87)) | G76: =IF(H76="","",(COUNTIF($H$40:H76,H76)-1)*0.0001+H76) | J76: 39 | N76: =IF(O76="","",RANK(O76,$O$40:$O$87)) | O76: =IF(P76="","",(COUNTIF($P$40:P76,P76)-1)*0.0001+P76) | R76: 39 | V76: =IF(W76="","",RANK(W76,$W$40:$W$87)) | W76: =IF(X76="","",(COUNTIF($X$40:X76,X76)-1)*0.0001+X76) | Z76: 39 | AD76: =IF(AE76="","",RANK(AE76,$AE$40:$AE$87)) | AE76: =IF(AF76="","",(COUNTIF($AF$40:AF76,AF76)-1)*0.0001+AF76) | AH76: 39 | AL76: =IF(AM76="","",RANK(AM76,$AM$40:$AM$87)) | AM76: =IF(AN76="","",(COUNTIF($AN$40:AN76,AN76)-1)*0.0001+AN76) | AP76: 39 | AT76: =IF(AU76="","",RANK(AU76,$AU$40:$AU$87)) | AU76: =IF(AV76="","",(COUNTIF($AV$40:AV76,AV76)-1)*0.0001+AV76) | AY76: 39 | BC76: =IF(BD76="","",RANK(BD76,$O$40:$O$87)) | BD76: =IF(BE76="","",(COUNTIF($P$40:BE76,BE76)-1)*0.0001+BE76) | BG76: 41 | BH76: 0.371
B77: 40 | F77: =IF(G77="","",RANK(G77,$G$40:$G$87)) | G77: =IF(H77="","",(COUNTIF($H$40:H77,H77)-1)*0.0001+H77) | J77: 40 | N77: =IF(O77="","",RANK(O77,$O$40:$O$87)) | O77: =IF(P77="","",(COUNTIF($P$40:P77,P77)-1)*0.0001+P77) | R77: 40 | V77: =IF(W77="","",RANK(W77,$W$40:$W$87)) | W77: =IF(X77="","",(COUNTIF($X$40:X77,X77)-1)*0.0001+X77) | Z77: 40 | AD77: =IF(AE77="","",RANK(AE77,$AE$40:$AE$87)) | AE77: =IF(AF77="","",(COUNTIF($AF$40:AF77,AF77)-1)*0.0001+AF77) | AH77: 40 | AL77: =IF(AM77="","",RANK(AM77,$AM$40:$AM$87)) | AM77: =IF(AN77="","",(COUNTIF($AN$40:AN77,AN77)-1)*0.0001+AN77) | AP77: 40 | AT77: =IF(AU77="","",RANK(AU77,$AU$40:$AU$87)) | AU77: =IF(AV77="","",(COUNTIF($AV$40:AV77,AV77)-1)*0.0001+AV77) | AY77: 40 | BC77: =IF(BD77="","",RANK(BD77,$O$40:$O$87)) | BD77: =IF(BE77="","",(COUNTIF($P$40:BE77,BE77)-1)*0.0001+BE77) | BG77: 42 | BH77: 0.371
... B85: 48 | F85: =IF(G85="","",RANK(G85,$G$40:$G$87)) | G85: =IF(H85="","",(COUNTIF($H$40:H85,H85)-1)*0.0001+H85) | J85: 48 | N85: =IF(O85="","",RANK(O85,$O$40:$O$87)) | O85: =IF(P85="","",(COUNTIF($P$40:P85,P85)-1)*0.0001+P85) | R85: 48 | V85: =IF(W85="","",RANK(W85,$W$40:$W$87)) | W85: =IF(X85="","",(COUNTIF($X$40:X85,X85)-1)*0.0001+X85) | Z85: 48 | AD85: =IF(AE85="","",RANK(AE85,$AE$40:$AE$87)) | AE85: =IF(AF85="","",(COUNTIF($AF$40:AF85,AF85)-1)*0.0001+AF85) | AH85: 48 | AL85: =IF(AM85="","",RANK(AM85,$AM$40:$AM$87)) | AM85: =IF(AN85="","",(COUNTIF($AN$40:AN85,AN85)-1)*0.0001+AN85) | AP85: 48 | AT85: =IF(AU85="","",RANK(AU85,$AU$40:$AU$87)) | AU85: =IF(AV85="","",(COUNTIF($AV$40:AV85,AV85)-1)*0.0001+AV85) | AY85: 48 | BC85: =IF(BD85="","",RANK(BD85,$O$40:$O$87)) | BD85: =IF(BE85="","",(COUNTIF($P$40:BE85,BE85)-1)*0.0001+BE85) | BG85: 50 | BH85: 0.371
B86: 49 | F86: =IF(G86="","",RANK(G86,$G$40:$G$87)) | G86: =IF(H86="","",(COUNTIF($H$40:H86,H86)-1)*0.0001+H86) | J86: 49 | N86: =IF(O86="","",RANK(O86,$O$40:$O$87)) | O86: =IF(P86="","",(COUNTIF($P$40:P86,P86)-1)*0.0001+P86) | R86: 49 | V86: =IF(W86="","",RANK(W86,$W$40:$W$87)) | W86: =IF(X86="","",(COUNTIF($X$40:X86,X86)-1)*0.0001+X86) | Z86: 49 | AD86: =IF(AE86="","",RANK(AE86,$AE$40:$AE$87)) | AE86: =IF(AF86="","",(COUNTIF($AF$40:AF86,AF86)-1)*0.0001+AF86) | AH86: 49 | AL86: =IF(AM86="","",RANK(AM86,$AM$40:$AM$87)) | AM86: =IF(AN86="","",(COUNTIF($AN$40:AN86,AN86)-1)*0.0001+AN86) | AP86: 49 | AT86: =IF(AU86="","",RANK(AU86,$AU$40:$AU$87)) | AU86: =IF(AV86="","",(COUNTIF($AV$40:AV86,AV86)-1)*0.0001+AV86) | AY86: 49 | BC86: =IF(BD86="","",RANK(BD86,$O$40:$O$87)) | BD86: =IF(BE86="","",(COUNTIF($P$40:BE86,BE86)-1)*0.0001+BE86)
B87: 50 | F87: =IF(G87="","",RANK(G87,$G$40:$G$87)) | G87: =IF(H87="","",(COUNTIF($H$40:H87,H87)-1)*0.0001+H87) | J87: 50 | N87: =IF(O87="","",RANK(O87,$O$40:$O$87)) | O87: =IF(P87="","",(COUNTIF($P$40:P87,P87)-1)*0.0001+P87) | R87: 50 | V87: =IF(W87="","",RANK(W87,$W$40:$W$87)) | W87: =IF(X87="","",(COUNTIF($X$40:X87,X87)-1)*0.0001+X87) | Z87: 50 | AD87: =IF(AE87="","",RANK(AE87,$AE$40:$AE$87)) | AE87: =IF(AF87="","",(COUNTIF($AF$40:AF87,AF87)-1)*0.0001+AF87) | AH87: 50 | AL87: =IF(AM87="","",RANK(AM87,$AM$40:$AM$87)) | AM87: =IF(AN87="","",(COUNTIF($AN$40:AN87,AN87)-1)*0.0001+AN87) | AP87: 50 | AY87: 50 | BC87: =IF(BD87="","",RANK(BD87,$O$40:$O$87)) | BD87: =IF(BE87="","",(COUNTIF($P$40:BE87,BE87)-1)*0.0001+BE87)
E88: n | H88: =COUNT(H40:H87) -> 26 | M88: n | P88: =COUNT(P40:P87) -> 25 | U88: n | X88: =COUNT(X40:X87) -> 26 | AC88: n | AF88: =COUNT(AF40:AF87) -> 26 | AK88: n | AN88: =COUNT(AN40:AN87) -> 26 | AS88: n | AV88: =COUNT(AV40:AV87) -> 26 | BB88: n | BE88: =COUNT(BE40:BE87) -> 0
B89: Instrument | E89: Mean | H89: =AVERAGE(H40:H87) -> 25.894231 | J89: Instrument | M89: Mean | P89: =AVERAGE(P40:P87) -> 0.39 | R89: Instrument | U89: Mean | X89: =AVERAGE(X40:X87) -> 4.1353846 | Z89: Instrument | AC89: Mean | AF89: =AVERAGE(AF40:AF87) -> 30.407308 | AH89: Instrument | AK89: Mean | AN89: =AVERAGE(AN40:AN87) -> 14.193846 | AP89: Instrument | AS89: Mean | AV89: =AVERAGE(AV40:AV87) -> 13.753846 | AY89: Instrument | AZ89: MID10 | BB89: Mean | BE89: =AVERAGE(BE40:BE87) -> #DIV/0!
E90: Std dev. | H90: =STDEV(H40:H87) -> 0.12403784 | M90: Std dev. | P90: =STDEV(P40:P87) -> 0.027233558 | U90: Std dev. | X90: =STDEV(X40:X87) -> 0.18978368 | AC90: Std dev. | AF90: =STDEV(AF40:AF87) -> 0.26352317 | AK90: Std dev. | AN90: =STDEV(AN40:AN87) -> 0.10115639 | AS90: Std dev. | AV90: =STDEV(AV40:AV87) -> 0.49495921 | BB90: Std dev. | BE90: =STDEV(BE40:BE87) -> #DIV/0!
E91: Min | H91: =MIN(H40:H87) -> 25.59 | M91: Min | P91: =MIN(P40:P87) -> 0.35 | U91: Min | X91: =MIN(X40:X87) -> 3.8 | AC91: Min | AF91: =MIN(AF40:AF87) -> 30 | AK91: Min | AN91: =MIN(AN40:AN87) -> 14 | AS91: Min | AV91: =MIN(AV40:AV87) -> 13.1 | BB91: Min | BE91: =MIN(BE40:BE87) -> 0
E92: Max | H92: =MAX(H40:H87) -> 26.02 | M92: Max | P92: =MAX(P40:P87) -> 0.45 | U92: Max | X92: =MAX(X40:X87) -> 4.6 | AC92: Max | AF92: =MAX(AF40:AF87) -> 30.9 | AK92: Max | AN92: =MAX(AN40:AN87) -> 14.4 | AS92: Max | AV92: =MAX(AV40:AV87) -> 14.7 | BB92: Max | BE92: =MAX(BE40:BE87) -> 0
E93: Range | H93: =H92-H91 -> 0.43 | M93: Range | P93: =P92-P91 -> 0.1 | U93: Range | X93: =X92-X91 -> 0.8 | AC93: Range | AF93: =AF92-AF91 -> 0.9 | AK93: Range | AN93: =AN92-AN91 -> 0.4 | AS93: Range | AV93: =AV92-AV91 -> 1.6 | BB93: Range | BE93: =BE92-BE91 -> 0
E94: Highest Rank | H94: =MIN(F40:F87) -> 1 | M94: Highest Rank | P94: =MIN(N40:N87) -> 1 | U94: Highest Rank | X94: =MIN(V40:V87) -> 1 | AC94: Highest Rank | AF94: =MIN(AD40:AD87) -> 1 | AK94: Highest Rank | AN94: =MIN(AL40:AL87) -> 1 | AS94: Highest Rank | AV94: =MIN(AT40:AT87) -> 1 | BB94: Highest Rank | BE94: =MIN(BC40:BC87) -> 0
E95: Lowest Rank | H95: =MAX(F40:F87) -> 26 | M95: Lowest Rank | P95: =MAX(N40:N87) -> 25 | U95: Lowest Rank | X95: =MAX(V40:V87) -> 26 | AC95: Lowest Rank | AF95: =MAX(AD40:AD87) -> 26 | AK95: Lowest Rank | AN95: =MAX(AL40:AL87) -> 26 | AS95: Lowest Rank | AV95: =MAX(AT40:AT87) -> 26 | BB95: Lowest Rank | BE95: =MAX(BC40:BC87) -> 0
E96: Qcalc (Max+1) | H96: =(VLOOKUP(H94,F40:H87,3,FALSE)-VLOOKUP((H94+1),F40:H87,3,FALSE))/H93 -> 0.023255814 | M96: Qcalc (Max+1) | P96: =(VLOOKUP(P94,N40:P87,3,FALSE)-VLOOKUP((P94+1),N40:P87,3,FALSE))/P93 -> 0.2 | U96: Qcalc (Max+1) | X96: =(VLOOKUP(X94,V40:X87,3,FALSE)-VLOOKUP((X94+1),V40:X87,3,FALSE))/X93 -> 0.25 | AC96: Qcalc (Max+1) | AF96: =(VLOOKUP(AF94,AD40:AF87,3,FALSE)-VLOOKUP((AF94+1),AD40:AF87,3,FALSE))/AF93 -> 0.11111111 | AK96: Qcalc (Max+1) | AN96: =(VLOOKUP(AN94,AL40:AN87,3,FALSE)-VLOOKUP((AN94+1),AL40:AN87,3,FALSE))/AN93 -> 0.15 | AS96: Qcalc (Max+1) | AV96: =(VLOOKUP(AV94,AT40:AV87,3,FALSE)-VLOOKUP((AV94+1),AT40:AV87,3,FALSE))/AV93 -> 0 | BB96: Qcalc (Max+1) | BE96: =(VLOOKUP(BE94,BC40:BE87,3,FALSE)-VLOOKUP((BE94+1),BC40:BE87,3,FALSE))/BE93 -> #N/A
E97: Qcalc (Min-1) | H97: =(VLOOKUP((H95-1),F40:H87,2,FALSE)-VLOOKUP((H95),F40:H87,2,FALSE))/H93 -> 0.046511628 | M97: Qcalc (Min-1) | P97: =(VLOOKUP((P95-1),N40:P87,2,FALSE)-VLOOKUP((P95),N40:P87,2,FALSE))/P93 -> 0.001 | U97: Qcalc (Min-1) | X97: =(VLOOKUP((X95-1),V40:X87,2,FALSE)-VLOOKUP((X95),V40:X87,2,FALSE))/X93 -> 0.000125 | AC97: Qcalc (Min-1) | AF97: =(VLOOKUP((AF95-1),AD40:AF87,2,FALSE)-VLOOKUP((AF95),AD40:AF87,2,FALSE))/AF93 -> 0.00011111111 | AK97: Qcalc (Min-1) | AN97: =(VLOOKUP((AN95-1),AL40:AN87,2,FALSE)-VLOOKUP((AN95),AL40:AN87,2,FALSE))/AN93 -> 0.00025 | AS97: Qcalc (Min-1) | AV97: =(VLOOKUP((AV95-1),AT40:AV87,2,FALSE)-VLOOKUP((AV95),AT40:AV87,2,FALSE))/AV93 -> 6.25e-05 | BB97: Qcalc (Min-1) | BE97: =(VLOOKUP((BE95-1),BC40:BE87,2,FALSE)-VLOOKUP((BE95),BC40:BE87,2,FALSE))/BE93 -> #N/A
G100: Key: | H100: Outlier - remove
H101: max value - not outlier
H102: min value - not outlier

Sheet CV Chart - Low
B2: CONTROL CHART | L2: ='Plot Data'!C7 -> Calorific Value (MJ/kg) | AC2: Control Sample No :
L4: Period / / to / / | AD4: Bomb/Vessel :
B6: Date
B7: Analyst
B8: x1
B9: x2
B10: (x1+x2)/2=X
B11: Ix1-x2I=R
B12: X
C13: ='Plot Data'!Q64 -> 23.45 | AT13: +3s
C15: =C19+(C13-C19)/2 -> 23.4
C19: ='Plot Data'!Q62 -> 23.35 | AT19: +2s
C21: =C25+(C19-C25)/2 -> 23.3
C25: ='Plot Data'!Q63 -> 23.25
C27: =C31+(C25-C31)/2 -> 23.2
C31: ='Plot Data'!Q58 -> 23.15 | AT31: 
C33: =C37+(C31-C37)/2 -> 23.1
C37: ='Plot Data'!Q66 -> 23.05
C39: =C43+(C37-C43)/2 -> 23
C43: ='Plot Data'!Q65 -> 22.95 | AT43: -2s
C45: =C49+(C43-C49)/2 -> 22.9
C49: ='Plot Data'!Q67 -> 22.85 | AT49: -3s
B52: Range
C55: ='Plot Data'!C68 -> 0.12
C59: =C63+(C55-C63)/2 -> 0.105
C63: =C69+(C55-C69)/2 -> 0.09
C69: =C55/2 -> 0.06
C77: =C69/2 -> 0.03
C81: =C77/2 -> 0.015
E85: 1 | G85: 2 | I85: 3 | K85: 4 | M85: 5 | O85: 6 | Q85: 7 | S85: 8 | U85: 9 | W85: 10 | Y85: 11 | AA85: 12 | AC85: 13 | AE85: 14 | AG85: 15 | AI85: 16 | AK85: 17 | AM85: 18 | AO85: 19 | AQ85: 20 | AS85: 21
B86: Assigned Value (Average) =  | H86: Repeatability Range = R | AB86: KEY: | AD86: Control Value | AJ86: Warning Limit | AP86: Action Limit

Sheet Plot Data
B2: Control Chart Construction
C6: Data is automatically imported from "Data Input" Tab provided that all criteria are met
B7: Test Number | C7: Calorific Value (MJ/kg) | D7: Low Total Sulphur (%) | E7: MIAS % | F7: Volatile Matter % | G7: ISO Ash (%) | H7: Quick Ash (%) | I7: High Total Sulphur (%) | J7: AFT Cu Wire (˚C) | K7: AFT Ni (˚C) | L7: AFT QC (˚C) | P7: Calorific Value (MJ/kg) | Q7: Calorific Value (MJ/kg)
B8: 1 | C8: 23.64 | D8: 0.45 | E8: 3.5 | F8: 28.95 | G8: 13.6 | H8: 22.18 | I8: =IF('Data Input'!#REF!="","",IF(AND('Data Input'!#REF!="No",'Data Input'!#REF!="Pass",'Data Input'!#REF!="PASS",'Data Input'!#REF!="PASS"),'Data Input'!#REF!,"")) -> #REF! | J8: 1082 | K8: 1445 | L8: 1260 | M8: 1290 | N8: 1310 | O8: 1360 | P8: 26.432 | Q8: 23.15 | R8: 30.3 | S8: =R8-E8 -> 26.8
B9: 2 | C9: 23.74 | D9: 0.43 | E9: 3.85 | F9: 28.67 | G9: 13.9 | H9: 22.15 | I9: =IF('Data Input'!#REF!="","",IF(AND('Data Input'!#REF!="No",'Data Input'!#REF!="Pass",'Data Input'!#REF!="PASS",'Data Input'!#REF!="PASS"),'Data Input'!#REF!,"")) -> #REF! | J9: 28.95 | K9: 1447 | P9: 26.432 | Q9: 23.15 | R9: 30.45 | S9: =R9-E9 -> 26.6
B10: 3 | C10: 23.71 | D10: 0.43 | E10: 3.6 | F10: 28.67 | G10: 13.4 | H10: 22.14 | I10: =IF('Data Input'!#REF!="","",IF(AND('Data Input'!#REF!="No",'Data Input'!#REF!="Pass",'Data Input'!#REF!="PASS",'Data Input'!#REF!="PASS"),'Data Input'!#REF!,"")) -> #REF! | J10: 29.01 | K10: 1457 | P10: 26.432 | Q10: 23.15 | R10: 30.6 | S10: =R10-E10 -> 27
B11: 4 | C11: 23.71 | D11: 0.41 | E11: 3.6 | F11: 28.71 | G11: 14 | H11: 22.21 | I11: =IF('Data Input'!#REF!="","",IF(AND('Data Input'!#REF!="No",'Data Input'!#REF!="Pass",'Data Input'!#REF!="PASS",'Data Input'!#REF!="PASS"),'Data Input'!#REF!,"")) -> #REF! | J11: 29.09 | K11: 1448 | P11: 26.432 | Q11: 23.15 | R11: 30.4 | S11: =R11-E11 -> 26.8
B12: 5 | C12: 23.82 | D12: 0.4 | E12: 3.88 | F12: 28.81 | G12: 13.7 | H12: 22.3 | I12: =IF('Data Input'!#REF!="","",IF(AND('Data Input'!#REF!="No",'Data Input'!#REF!="Pass",'Data Input'!#REF!="PASS",'Data Input'!#REF!="PASS"),'Data Input'!#REF!,"")) -> #REF! | J12: 28.95 | K12: 1444 | P12: 26.432 | Q12: 23.15 | R12: 30.2 | S12: =R12-E12 -> 26.32
B13: 6 | C13: 23.66 | D13: 0.42 | E13: 3.88 | F13: 28.71 | G13: 13.6 | H13: 21.99 | I13: =IF('Data Input'!#REF!="","",IF(AND('Data Input'!#REF!="No",'Data Input'!#REF!="Pass",'Data Input'!#REF!="PASS",'Data Input'!#REF!="PASS"),'Data Input'!#REF!,"")) -> #REF! | J13: 29.01 | K13: 1458 | P13: 26.432 | Q13: 23.15 | R13: 30.8 | S13: =R13-E13 -> 26.92
B14: 7 | C14: 23.66 | D14: 0.53 | E14: 3.95 | F14: 28.84 | G14: 13.5 | H14: 22.3 | I14: =IF('Data Input'!#REF!="","",IF(AND('Data Input'!#REF!="No",'Data Input'!#REF!="Pass",'Data Input'!#REF!="PASS",'Data Input'!#REF!="PASS"),'Data Input'!#REF!,"")) -> #REF! | J14: 29.33 | K14: 1456 | P14: 26.432 | Q14: 23.15 | R14: 30.21 | S14: =R14-E14 -> 26.26
B15: 8 | C15: 23.73 | D15: 0.44 | E15: 3.6 | F15: 28.71 | G15: 13.4 | H15: 22.43 | I15: =IF('Data Input'!#REF!="","",IF(AND('Data Input'!#REF!="No",'Data Input'!#REF!="Pass",'Data Input'!#REF!="PASS",'Data Input'!#REF!="PASS"),'Data Input'!#REF!,"")) -> #REF! | J15: 29.01 | K15: 1452 | P15: 26.432 | Q15: 23.15 | R15: 30.3 | S15: =R15-E15 -> 26.7
B16: 9 | C16: 23.84 | D16: 0.53 | E16: 3.89 | F16: 28.88 | G16: 13.7 | H16: 22.28 | I16: =IF('Data Input'!#REF!="","",IF(AND('Data Input'!#REF!="No",'Data Input'!#REF!="Pass",'Data Input'!#REF!="PASS",'Data Input'!#REF!="PASS"),'Data Input'!#REF!,"")) -> #REF! | J16: 28.91 | K16: 1447 | P16: 26.432 | Q16: 23.15 | R16: 30.7 | S16: =R16-E16 -> 26.81
B17: 10 | C17: 23.7 | D17: 0.43 | E17: 3.8 | F17: 28.9 | G17: 13.6 | H17: 22.17 | I17: =IF('Data Input'!#REF!="","",IF(AND('Data Input'!#REF!="No",'Data Input'!#REF!="Pass",'Data Input'!#REF!="PASS",'Data Input'!#REF!="PASS"),'Data Input'!#REF!,"")) -> #REF! | J17: 28.91 | K17: 1449 | P17: 26.432 | Q17: 23.15 | R17: 30.6 | S17: =R17-E17 -> 26.8
B18: 11 | C18: 23.7 | D18: 0.4 | E18: 3.6 | F18: 28.84 | G18: 13.2 | H18: 22.47 | I18: =IF('Data Input'!#REF!="","",IF(AND('Data Input'!#REF!="No",'Data Input'!#REF!="Pass",'Data Input'!#REF!="PASS",'Data Input'!#REF!="PASS"),'Data Input'!#REF!,"")) -> #REF! | J18: 28.94 | K18: 1459 | P18: 26.432 | Q18: 23.15 | R18: 30.5 | S18: =R18-E18 -> 26.9
B19: 12 | C19: 23.64 | D19: 0.52 | E19: 3.6 | F19: 28.76 | G19: 13.2 | H19: 22.23 | I19: =IF('Data Input'!#REF!="","",IF(AND('Data Input'!#REF!="No",'Data Input'!#REF!="Pass",'Data Input'!#REF!="PASS",'Data Input'!#REF!="PASS"),'Data Input'!#REF!,"")) -> #REF! | K19: 1455 | P19: 26.432 | Q19: 23.15 | R19: 30.3 | S19: =R19-E19 -> 26.7
B20: 13 | C20: 23.55 | D20: 0.46 | E20: 3.89 | F20: 28.73 | G20: 13.5 | H20: 22.03 | I20: =IF('Data Input'!#REF!="","",IF(AND('Data Input'!#REF!="No",'Data Input'!#REF!="Pass",'Data Input'!#REF!="PASS",'Data Input'!#REF!="PASS"),'Data Input'!#REF!,"")) -> #REF! | K20: 1458 | P20: 26.432 | Q20: 23.15 | R20: 30.3 | S20: =R20-E20 -> 26.41
B21: 14 | C21: 23.59 | D21: 0.47 | E21: 3.6 | F21: 28.72 | G21: 14.2 | H21: 22.34 | I21: =IF('Data Input'!#REF!="","",IF(AND('Data Input'!#REF!="No",'Data Input'!#REF!="Pass",'Data Input'!#REF!="PASS",'Data Input'!#REF!="PASS"),'Data Input'!#REF!,"")) -> #REF! | K21: 1456 | P21: 26.432 | Q21: 23.15 | R21: 30.6 | S21: =R21-E21 -> 27
B22: 15 | C22: 23.77 | D22: 0.5 | E22: 3.6 | F22: 28.82 | G22: 14.3 | H22: 21.77 | I22: =IF('Data Input'!#REF!="","",IF(AND('Data Input'!#REF!="No",'Data Input'!#REF!="Pass",'Data Input'!#REF!="PASS",'Data Input'!#REF!="PASS"),'Data Input'!#REF!,"")) -> #REF! | K22: 1460 | P22: 26.432 | Q22: 23.15 | R22: 30.6 | S22: =R22-E22 -> 27
B23: 16 | C23: 23.93 | D23: 0.51 | E23: 3.6 | F23: 28.77 | G23: 14.4 | H23: 22.1 | I23: =IF('Data Input'!#REF!="","",IF(AND('Data Input'!#REF!="No",'Data Input'!#REF!="Pass",'Data Input'!#REF!="PASS",'Data Input'!#REF!="PASS"),'Data Input'!#REF!,"")) -> #REF! | K23: 1460 | P23: 26.432 | Q23: 23.15 | R23: 30 | S23: =R23-E23 -> 26.4
B24: 17 | C24: 23.91 | D24: 0.43 | E24: 3.84 | F24: 28.56 | G24: 14.3 | H24: 22.03 | I24: =IF('Data Input'!#REF!="","",IF(AND('Data Input'!#REF!="No",'Data Input'!#REF!="Pass",'Data Input'!#REF!="PASS",'Data Input'!#REF!="PASS"),'Data Input'!#REF!,"")) -> #REF! | K24: 1458 | P24: 26.432 | Q24: 23.15 | R24: 30.7 | S24: =R24-E24 -> 26.86
B25: 18 | C25: 23.88 | D25: 0.46 | E25: 3.6 | F25: 28.69 | G25: 14.3 | H25: 22.31 | I25: =IF('Data Input'!#REF!="","",IF(AND('Data Input'!#REF!="No",'Data Input'!#REF!="Pass",'Data Input'!#REF!="PASS",'Data Input'!#REF!="PASS"),'Data Input'!#REF!,"")) -> #REF! | K25: 1456 | P25: 26.432 | Q25: 23.15 | R25: 30.9 | S25: =R25-E25 -> 27.3
B26: 19 | C26: 23.81 | D26: 0.47 | E26: 3.6 | F26: 28.35 | G26: 13.9 | H26: 22.27 | I26: =IF('Data Input'!#REF!="","",IF(AND('Data Input'!#REF!="No",'Data Input'!#REF!="Pass",'Data Input'!#REF!="PASS",'Data Input'!#REF!="PASS"),'Data Input'!#REF!,"")) -> #REF! | K26: 1452 | P26: 26.432 | Q26: 23.15 | R26: 30.8 | S26: =R26-E26 -> 27.2
B27: 20 | C27: 23.86 | D27: 0.49 | E27: 3.6 | F27: 28.35 | G27: 14.1 | H27: 22.28 | I27: =IF('Data Input'!#REF!="","",IF(AND('Data Input'!#REF!="No",'Data Input'!#REF!="Pass",'Data Input'!#REF!="PASS",'Data Input'!#REF!="PASS"),'Data Input'!#REF!,"")) -> #REF! | K27: 1456 | P27: 26.432 | Q27: 23.15 | R27: 30.1 | S27: =R27-E27 -> 26.5
B28: 21 | C28: 23.83 | D28: 0.45 | E28: 3.6 | F28: 28.2 | G28: 14.2 | H28: 21.98 | P28: =IF('Data Input'!U58="","",IF(AND('Data Input'!$F$31="No",'Data Input'!$F$35="PASS",'Data Input'!$F$24="PASS",'Data Input'!$F$26="PASS"),'Data Input'!U58,"")) | Q28: =IF('Data Input'!V58="","",IF(AND('Data Input'!$F$31="No",'Data Input'!$F$35="PASS",'Data Input'!$F$24="PASS",'Data Input'!$F$26="PASS"),'Data Input'!V58,"")) | R28: 30.1 | S28: =R28-E28 -> 26.5
B29: 22 | C29: 23.85 | D29: 0.52 | E29: 3.5 | G29: 14.2 | P29: =IF('Data Input'!U59="","",IF(AND('Data Input'!$F$31="No",'Data Input'!$F$35="PASS",'Data Input'!$F$24="PASS",'Data Input'!$F$26="PASS"),'Data Input'!U59,"")) | Q29: =IF('Data Input'!V59="","",IF(AND('Data Input'!$F$31="No",'Data Input'!$F$35="PASS",'Data Input'!$F$24="PASS",'Data Input'!$F$26="PASS"),'Data Input'!V59,"")) | R29: 30 | S29: =R29-E29 -> 26.5
B30: 23 | D30: 0.46 | E30: 3.5 | G30: 14.1 | P30: =IF('Data Input'!U60="","",IF(AND('Data Input'!$F$31="No",'Data Input'!$F$35="PASS",'Data Input'!$F$24="PASS",'Data Input'!$F$26="PASS"),'Data Input'!U60,"")) | Q30: =IF('Data Input'!V60="","",IF(AND('Data Input'!$F$31="No",'Data Input'!$F$35="PASS",'Data Input'!$F$24="PASS",'Data Input'!$F$26="PASS"),'Data Input'!V60,"")) | R30: 30.2 | S30: =R30-E30 -> 26.7
B31: 24 | D31: 0.46 | E31: 3.5 | G31: 14.1 | P31: =IF('Data Input'!U61="","",IF(AND('Data Input'!$F$31="No",'Data Input'!$F$35="PASS",'Data Input'!$F$24="PASS",'Data Input'!$F$26="PASS"),'Data Input'!U61,"")) | Q31: =IF('Data Input'!V61="","",IF(AND('Data Input'!$F$31="No",'Data Input'!$F$35="PASS",'Data Input'!$F$24="PASS",'Data Input'!$F$26="PASS"),'Data Input'!V61,"")) | R31: 30.23 | S31: =R31-E31 -> 26.73
B32: 25 | D32: 0.47 | E32: 3.5 | G32: 14.1 | P32: =IF('Data Input'!U62="","",IF(AND('Data Input'!$F$31="No",'Data Input'!$F$35="PASS",'Data Input'!$F$24="PASS",'Data Input'!$F$26="PASS"),'Data Input'!U62,"")) | Q32: =IF('Data Input'!V62="","",IF(AND('Data Input'!$F$31="No",'Data Input'!$F$35="PASS",'Data Input'!$F$24="PASS",'Data Input'!$F$26="PASS"),'Data Input'!V62,"")) | R32: 30.6 | S32: =R32-E32 -> 27.1
B33: 26 | D33: 0.41 | E33: 3.5 | G33: 14 | P33: =IF('Data Input'!U63="","",IF(AND('Data Input'!$F$31="No",'Data Input'!$F$35="PASS",'Data Input'!$F$24="PASS",'Data Input'!$F$26="PASS"),'Data Input'!U63,"")) | Q33: =IF('Data Input'!V63="","",IF(AND('Data Input'!$F$31="No",'Data Input'!$F$35="PASS",'Data Input'!$F$24="PASS",'Data Input'!$F$26="PASS"),'Data Input'!V63,"")) | R33: 30.1 | S33: =R33-E33 -> 26.6
B34: 27 | P34: =IF('Data Input'!U64="","",IF(AND('Data Input'!$F$31="No",'Data Input'!$F$35="PASS",'Data Input'!$F$24="PASS",'Data Input'!$F$26="PASS"),'Data Input'!U64,"")) | Q34: =IF('Data Input'!V64="","",IF(AND('Data Input'!$F$31="No",'Data Input'!$F$35="PASS",'Data Input'!$F$24="PASS",'Data Input'!$F$26="PASS"),'Data Input'!V64,""))
B35: 28 | P35: =IF('Data Input'!U65="","",IF(AND('Data Input'!$F$31="No",'Data Input'!$F$35="PASS",'Data Input'!$F$24="PASS",'Data Input'!$F$26="PASS"),'Data Input'!U65,"")) | Q35: =IF('Data Input'!V65="","",IF(AND('Data Input'!$F$31="No",'Data Input'!$F$35="PASS",'Data Input'!$F$24="PASS",'Data Input'!$F$26="PASS"),'Data Input'!V65,""))
B36: 29 | P36: =IF('Data Input'!U66="","",IF(AND('Data Input'!$F$31="No",'Data Input'!$F$35="PASS",'Data Input'!$F$24="PASS",'Data Input'!$F$26="PASS"),'Data Input'!U66,"")) | Q36: =IF('Data Input'!V66="","",IF(AND('Data Input'!$F$31="No",'Data Input'!$F$35="PASS",'Data Input'!$F$24="PASS",'Data Input'!$F$26="PASS"),'Data Input'!V66,""))
B37: 30 | P37: =IF('Data Input'!U67="","",IF(AND('Data Input'!$F$31="No",'Data Input'!$F$35="PASS",'Data Input'!$F$24="PASS",'Data Input'!$F$26="PASS"),'Data Input'!U67,"")) | Q37: =IF('Data Input'!V67="","",IF(AND('Data Input'!$F$31="No",'Data Input'!$F$35="PASS",'Data Input'!$F$24="PASS",'Data Input'!$F$26="PASS"),'Data Input'!V67,""))
B38: 31 | I38: =IF('Data Input'!AW68="","",IF(AND('Data Input'!$AT$31="No",'Data Input'!$AT$35="Pass",'Data Input'!$AT$24="PASS",'Data Input'!$AT$26="PASS"),'Data Input'!AW68,"")) | P38: =IF('Data Input'!U68="","",IF(AND('Data Input'!$F$31="No",'Data Input'!$F$35="PASS",'Data Input'!$F$24="PASS",'Data Input'!$F$26="PASS"),'Data Input'!U68,"")) | Q38: =IF('Data Input'!V68="","",IF(AND('Data Input'!$F$31="No",'Data Input'!$F$35="PASS",'Data Input'!$F$24="PASS",'Data Input'!$F$26="PASS"),'Data Input'!V68,""))
B39: 32 | P39: =IF('Data Input'!U69="","",IF(AND('Data Input'!$F$31="No",'Data Input'!$F$35="PASS",'Data Input'!$F$24="PASS",'Data Input'!$F$26="PASS"),'Data Input'!U69,"")) | Q39: =IF('Data Input'!V69="","",IF(AND('Data Input'!$F$31="No",'Data Input'!$F$35="PASS",'Data Input'!$F$24="PASS",'Data Input'!$F$26="PASS"),'Data Input'!V69,""))
B40: 33 | P40: =IF('Data Input'!U70="","",IF(AND('Data Input'!$F$31="No",'Data Input'!$F$35="PASS",'Data Input'!$F$24="PASS",'Data Input'!$F$26="PASS"),'Data Input'!U70,"")) | Q40: =IF('Data Input'!V70="","",IF(AND('Data Input'!$F$31="No",'Data Input'!$F$35="PASS",'Data Input'!$F$24="PASS",'Data Input'!$F$26="PASS"),'Data Input'!V70,""))
B41: 34 | P41: =IF('Data Input'!U71="","",IF(AND('Data Input'!$F$31="No",'Data Input'!$F$35="PASS",'Data Input'!$F$24="PASS",'Data Input'!$F$26="PASS"),'Data Input'!U71,"")) | Q41: =IF('Data Input'!V71="","",IF(AND('Data Input'!$F$31="No",'Data Input'!$F$35="PASS",'Data Input'!$F$24="PASS",'Data Input'!$F$26="PASS"),'Data Input'!V71,""))
B42: 35 | P42: =IF('Data Input'!U72="","",IF(AND('Data Input'!$F$31="No",'Data Input'!$F$35="PASS",'Data Input'!$F$24="PASS",'Data Input'!$F$26="PASS"),'Data Input'!U72,"")) | Q42: =IF('Data Input'!V72="","",IF(AND('Data Input'!$F$31="No",'Data Input'!$F$35="PASS",'Data Input'!$F$24="PASS",'Data Input'!$F$26="PASS"),'Data Input'!V72,""))
B43: 36 | P43: =IF('Data Input'!U73="","",IF(AND('Data Input'!$F$31="No",'Data Input'!$F$35="PASS",'Data Input'!$F$24="PASS",'Data Input'!$F$26="PASS"),'Data Input'!U73,"")) | Q43: =IF('Data Input'!V73="","",IF(AND('Data Input'!$F$31="No",'Data Input'!$F$35="PASS",'Data Input'!$F$24="PASS",'Data Input'!$F$26="PASS"),'Data Input'!V73,""))
B44: 37 | P44: =IF('Data Input'!U74="","",IF(AND('Data Input'!$F$31="No",'Data Input'!$F$35="PASS",'Data Input'!$F$24="PASS",'Data Input'!$F$26="PASS"),'Data Input'!U74,"")) | Q44: =IF('Data Input'!V74="","",IF(AND('Data Input'!$F$31="No",'Data Input'!$F$35="PASS",'Data Input'!$F$24="PASS",'Data Input'!$F$26="PASS"),'Data Input'!V74,""))
B45: 38 | P45: =IF('Data Input'!U75="","",IF(AND('Data Input'!$F$31="No",'Data Input'!$F$35="PASS",'Data Input'!$F$24="PASS",'Data Input'!$F$26="PASS"),'Data Input'!U75,"")) | Q45: =IF('Data Input'!V75="","",IF(AND('Data Input'!$F$31="No",'Data Input'!$F$35="PASS",'Data Input'!$F$24="PASS",'Data Input'!$F$26="PASS"),'Data Input'!V75,""))
B46: 39 | P46: =IF('Data Input'!U76="","",IF(AND('Data Input'!$F$31="No",'Data Input'!$F$35="PASS",'Data Input'!$F$24="PASS",'Data Input'!$F$26="PASS"),'Data Input'!U76,"")) | Q46: =IF('Data Input'!V76="","",IF(AND('Data Input'!$F$31="No",'Data Input'!$F$35="PASS",'Data Input'!$F$24="PASS",'Data Input'!$F$26="PASS"),'Data Input'!V76,""))
B47: 40 | P47: =IF('Data Input'!U77="","",IF(AND('Data Input'!$F$31="No",'Data Input'!$F$35="PASS",'Data Input'!$F$24="PASS",'Data Input'!$F$26="PASS"),'Data Input'!U77,"")) | Q47: =IF('Data Input'!V77="","",IF(AND('Data Input'!$F$31="No",'Data Input'!$F$35="PASS",'Data Input'!$F$24="PASS",'Data Input'!$F$26="PASS"),'Data Input'!V77,""))
B48: 41 | P48: =IF('Data Input'!U78="","",IF(AND('Data Input'!$F$31="No",'Data Input'!$F$35="PASS",'Data Input'!$F$24="PASS",'Data Input'!$F$26="PASS"),'Data Input'!U78,"")) | Q48: =IF('Data Input'!V78="","",IF(AND('Data Input'!$F$31="No",'Data Input'!$F$35="PASS",'Data Input'!$F$24="PASS",'Data Input'!$F$26="PASS"),'Data Input'!V78,""))
B49: 42 | P49: =IF('Data Input'!U79="","",IF(AND('Data Input'!$F$31="No",'Data Input'!$F$35="PASS",'Data Input'!$F$24="PASS",'Data Input'!$F$26="PASS"),'Data Input'!U79,"")) | Q49: =IF('Data Input'!V79="","",IF(AND('Data Input'!$F$31="No",'Data Input'!$F$35="PASS",'Data Input'!$F$24="PASS",'Data Input'!$F$26="PASS"),'Data Input'!V79,""))
B50: 43 | P50: =IF('Data Input'!U80="","",IF(AND('Data Input'!$F$31="No",'Data Input'!$F$35="PASS",'Data Input'!$F$24="PASS",'Data Input'!$F$26="PASS"),'Data Input'!U80,"")) | Q50: =IF('Data Input'!V80="","",IF(AND('Data Input'!$F$31="No",'Data Input'!$F$35="PASS",'Data Input'!$F$24="PASS",'Data Input'!$F$26="PASS"),'Data Input'!V80,""))
B51: 44 | E51: =IF('Data Input'!X81="","",IF('Data Input'!$V$31="No",'Data Input'!X81,"")) | G51: =IF('Data Input'!AN81="","",IF(AND('Data Input'!$AL$31="No",'Data Input'!$AL$35="Pass",'Data Input'!$AL$24="PASS",'Data Input'!$AL$26="PASS"),'Data Input'!AN81,"")) | P51: =IF('Data Input'!U81="","",IF(AND('Data Input'!$F$31="No",'Data Input'!$F$35="PASS",'Data Input'!$F$24="PASS",'Data Input'!$F$26="PASS"),'Data Input'!U81,"")) | Q51: =IF('Data Input'!V81="","",IF(AND('Data Input'!$F$31="No",'Data Input'!$F$35="PASS",'Data Input'!$F$24="PASS",'Data Input'!$F$26="PASS"),'Data Input'!V81,""))
B52: 45 | D52: =IF('Data Input'!P82="","",IF(AND('Data Input'!$N$31="No",'Data Input'!$N$35="PASS",'Data Input'!$N$24="PASS",'Data Input'!$N$26="PASS"),'Data Input'!P82,"")) | E52: =IF('Data Input'!X82="","",IF('Data Input'!$V$31="No",'Data Input'!X82,"")) | G52: =IF('Data Input'!AN82="","",IF(AND('Data Input'!$AL$31="No",'Data Input'!$AL$35="Pass",'Data Input'!$AL$24="PASS",'Data Input'!$AL$26="PASS"),'Data Input'!AN82,"")) | P52: =IF('Data Input'!U82="","",IF(AND('Data Input'!$F$31="No",'Data Input'!$F$35="PASS",'Data Input'!$F$24="PASS",'Data Input'!$F$26="PASS"),'Data Input'!U82,"")) | Q52: =IF('Data Input'!V82="","",IF(AND('Data Input'!$F$31="No",'Data Input'!$F$35="PASS",'Data Input'!$F$24="PASS",'Data Input'!$F$26="PASS"),'Data Input'!V82,""))
B53: 46 | D53: =IF('Data Input'!P83="","",IF(AND('Data Input'!$N$31="No",'Data Input'!$N$35="PASS",'Data Input'!$N$24="PASS",'Data Input'!$N$26="PASS"),'Data Input'!P83,"")) | E53: =IF('Data Input'!X83="","",IF('Data Input'!$V$31="No",'Data Input'!X83,"")) | G53: =IF('Data Input'!AN83="","",IF(AND('Data Input'!$AL$31="No",'Data Input'!$AL$35="Pass",'Data Input'!$AL$24="PASS",'Data Input'!$AL$26="PASS"),'Data Input'!AN83,"")) | P53: =IF('Data Input'!U83="","",IF(AND('Data Input'!$F$31="No",'Data Input'!$F$35="PASS",'Data Input'!$F$24="PASS",'Data Input'!$F$26="PASS"),'Data Input'!U83,"")) | Q53: =IF('Data Input'!V83="","",IF(AND('Data Input'!$F$31="No",'Data Input'!$F$35="PASS",'Data Input'!$F$24="PASS",'Data Input'!$F$26="PASS"),'Data Input'!V83,""))
B54: 47 | D54: =IF('Data Input'!P84="","",IF(AND('Data Input'!$N$31="No",'Data Input'!$N$35="PASS",'Data Input'!$N$24="PASS",'Data Input'!$N$26="PASS"),'Data Input'!P84,"")) | E54: =IF('Data Input'!X84="","",IF('Data Input'!$V$31="No",'Data Input'!X84,"")) | G54: =IF('Data Input'!AN84="","",IF(AND('Data Input'!$AL$31="No",'Data Input'!$AL$35="Pass",'Data Input'!$AL$24="PASS",'Data Input'!$AL$26="PASS"),'Data Input'!AN84,"")) | P54: =IF('Data Input'!U84="","",IF(AND('Data Input'!$F$31="No",'Data Input'!$F$35="PASS",'Data Input'!$F$24="PASS",'Data Input'!$F$26="PASS"),'Data Input'!U84,"")) | Q54: =IF('Data Input'!V84="","",IF(AND('Data Input'!$F$31="No",'Data Input'!$F$35="PASS",'Data Input'!$F$24="PASS",'Data Input'!$F$26="PASS"),'Data Input'!V84,""))
B55: 48 | D55: =IF('Data Input'!P85="","",IF(AND('Data Input'!$N$31="No",'Data Input'!$N$35="PASS",'Data Input'!$N$24="PASS",'Data Input'!$N$26="PASS"),'Data Input'!P85,"")) | E55: =IF('Data Input'!X85="","",IF('Data Input'!$V$31="No",'Data Input'!X85,"")) | F55: =IF('Data Input'!AF85="","",IF(AND('Data Input'!$AD$31="No",'Data Input'!$AD$35="Pass",'Data Input'!$AD$24="PASS",'Data Input'!$AD$26="PASS"),'Data Input'!AF85,"")) | G55: =IF('Data Input'!AN85="","",IF(AND('Data Input'!$AL$31="No",'Data Input'!$AL$35="Pass",'Data Input'!$AL$24="PASS",'Data Input'!$AL$26="PASS"),'Data Input'!AN85,"")) | P55: =IF('Data Input'!U85="","",IF(AND('Data Input'!$F$31="No",'Data Input'!$F$35="PASS",'Data Input'!$F$24="PASS",'Data Input'!$F$26="PASS"),'Data Input'!U85,"")) | Q55: =IF('Data Input'!V85="","",IF(AND('Data Input'!$F$31="No",'Data Input'!$F$35="PASS",'Data Input'!$F$24="PASS",'Data Input'!$F$26="PASS"),'Data Input'!V85,""))
B56: 49 | D56: =IF('Data Input'!P86="","",IF(AND('Data Input'!$N$31="No",'Data Input'!$N$35="PASS",'Data Input'!$N$24="PASS",'Data Input'!$N$26="PASS"),'Data Input'!P86,"")) | E56: =IF('Data Input'!X86="","",IF('Data Input'!$V$31="No",'Data Input'!X86,"")) | F56: =IF('Data Input'!AF86="","",IF(AND('Data Input'!$AD$31="No",'Data Input'!$AD$35="Pass",'Data Input'!$AD$24="PASS",'Data Input'!$AD$26="PASS"),'Data Input'!AF86,"")) | G56: =IF('Data Input'!AN86="","",IF(AND('Data Input'!$AL$31="No",'Data Input'!$AL$35="Pass",'Data Input'!$AL$24="PASS",'Data Input'!$AL$26="PASS"),'Data Input'!AN86,"")) | H56: =IF('Data Input'!AV86="","",IF(AND('Data Input'!$AT$31="No",'Data Input'!$AT$35="Pass",'Data Input'!$AT$24="PASS",'Data Input'!$AT$26="PASS"),'Data Input'!AV86,"")) | P56: =IF('Data Input'!U86="","",IF(AND('Data Input'!$F$31="No",'Data Input'!$F$35="PASS",'Data Input'!$F$24="PASS",'Data Input'!$F$26="PASS"),'Data Input'!U86,"")) | Q56: =IF('Data Input'!V86="","",IF(AND('Data Input'!$F$31="No",'Data Input'!$F$35="PASS",'Data Input'!$F$24="PASS",'Data Input'!$F$26="PASS"),'Data Input'!V86,""))
B57: 50 | D57: =IF('Data Input'!P87="","",IF(AND('Data Input'!$N$31="No",'Data Input'!$N$35="PASS",'Data Input'!$N$24="PASS",'Data Input'!$N$26="PASS"),'Data Input'!P87,"")) | E57: =IF('Data Input'!X87="","",IF('Data Input'!$V$31="No",'Data Input'!X87,"")) | F57: =IF('Data Input'!AF87="","",IF(AND('Data Input'!$AD$31="No",'Data Input'!$AD$35="Pass",'Data Input'!$AD$24="PASS",'Data Input'!$AD$26="PASS"),'Data Input'!AF87,"")) | G57: =IF('Data Input'!AN87="","",IF(AND('Data Input'!$AL$31="No",'Data Input'!$AL$35="Pass",'Data Input'!$AL$24="PASS",'Data Input'!$AL$26="PASS"),'Data Input'!AN87,"")) | H57: =IF('Data Input'!AV87="","",IF(AND('Data Input'!$AT$31="No",'Data Input'!$AT$35="Pass",'Data Input'!$AT$24="PASS",'Data Input'!$AT$26="PASS"),'Data Input'!AV87,"")) | P57: =IF('Data Input'!U87="","",IF(AND('Data Input'!$F$31="No",'Data Input'!$F$35="PASS",'Data Input'!$F$24="PASS",'Data Input'!$F$26="PASS"),'Data Input'!U87,"")) | Q57: =IF('Data Input'!V87="","",IF(AND('Data Input'!$F$31="No",'Data Input'!$F$35="PASS",'Data Input'!$F$24="PASS",'Data Input'!$F$26="PASS"),'Data Input'!V87,""))
B58: Mean | C58: =AVERAGE(C8:C32) -> 23.751364 | D58: =AVERAGE(D9:D57) -> 0.46 | E58: =AVERAGE(E8:E57) -> 3.6607692 | F58: =AVERAGE(F8:F54) -> 28.697143 | G58: =AVERAGE(G8:G57) -> 13.865385 | H58: =AVERAGE(H8:H29) -> 22.188571 | I58: =AVERAGE(I8:I57) -> #REF! | J58: =AVERAGE(J8:J57) -> 124.73727 | K58: =AVERAGE(K8:K57) -> 1453.65 | L58: =AVERAGE(L8:L57) -> 1260 | M58: =AVERAGE(M8:M57) -> 1290 | N58: =AVERAGE(N8:N57) -> 1310 | O58: =AVERAGE(O8:O57) -> 1360 | P58: =AVERAGE(P8:P57) -> 26.432 | Q58: =AVERAGE(Q8:Q57) -> 23.15
B59: Median | C59: =MEDIAN(C8:C32) -> 23.735 | D59: =MEDIAN(D9:D57) -> 0.46 | E59: =MEDIAN(E8:E57) -> 3.6 | F59: =MEDIAN(F8:F28) -> 28.72 | G59: =MEDIAN(G8:G57) -> 13.95 | H59: =MEDIAN(H8:H29) -> 22.21 | I59: =MEDIAN(I8:I57) -> #REF! | J59: =MEDIAN(J8:J57) -> 29.01 | K59: =MEDIAN(K8:K57) -> 1456 | L59: =MEDIAN(L8:L57) -> 1260 | M59: =MEDIAN(M8:M57) -> 1290 | N59: =MEDIAN(N8:N57) -> 1310 | O59: =MEDIAN(O8:O57) -> 1360 | P59: =MEDIAN(P8:P57) -> 26.432 | Q59: =MEDIAN(Q8:Q57) -> 23.15
B60: Repeatability Limit | C60: =STDEV(C8:C32) -> 0.10579835 | D60: =STDEV(D8:D57) -> 0.040147804 | E60: =STDEV(E8:E57) -> 0.15120643 | F60: =STDEV(F8:F54) -> 0.19066051 | G60: =STDEV(G8:G57) -> 0.36325452 | H60: =STDEV(H8:H29) -> 0.16523576 | I60: =STDEV(I8:I57) -> #REF! | J60: 5.5 | K60: =STDEV(K8:K57) -> 5.2141003 | L60: 10 | M60: 10 | N60: 10 | O60: 10 | P60: =P68 -> 0.04 | Q60: 0.1
B61: RSD | C61: =C60/C58 -> 0.0044544114 | D61: =D60/D58 -> 0.087277834 | E61: =E60/E58 -> 0.041304551 | F61: =F60/F58 -> 0.0066438846 | G61: =G60/G58 -> 0.026198662 | H61: =H60/H58 -> 0.007446886 | I61: =I60/I58 -> #REF! | J61: =J60/J58 -> 0.044092675 | ... Q61: =Q60/Q58 -> 0.0043196544
B62: Upper warning limit (+2s) | C62: =C58+(2*C60) -> 23.96296 | D62: =D58+(2*D60) -> 0.54029561 | E62: =E58+(2*E60) -> 3.9631821 | F62: =F58+(2.5*F60) -> 29.173794 | G62: =G58+(2*G60) -> 14.591894 | H62: =H58+(2*H60) -> 22.519043 | I62: =I58+(2*I60) -> #REF! | J62: =J58+(2*J60) -> 135.73727 | K62: =K58+(2*K60) -> 1464.0782 | L62: =L58+(2*L60) -> 1280 | M62: =M58+(2*M60) -> 1310 | N62: =N58+(2*N60) -> 1330 | ... Q62: =Q58+(2*Q60) -> 23.35 | R62: =0.12*3 -> 0.36
B63: (+1s) | C63: =C58+C60 -> 23.857162 | D63: =D58+D60 -> 0.5001478 | E63: =E58+E60 -> 3.8119757 | F63: =F58+F60 -> 28.887803 | G63: =G58+G60 -> 14.228639 | H63: =H58+H60 -> 22.353807 | I63: =I58+I60 -> #REF! | J63: =J58+J60 -> 130.23727 | ... Q63: =Q58+Q60 -> 23.25
B64: Upper action limit (+3s) | C64: =C58+(3*C60) -> 24.068759 | D64: =D58+(3*D60) -> 0.58044341 | E64: =E58+(3*E60) -> 4.1143885 | F64: =F58+(4*F60) -> 29.459785 | G64: =G58+(3*G60) -> 14.955148 | H64: =H58+(3*H60) -> 22.684279 | I64: =I58+(3*I60) -> #REF! | J64: =J58+(3*J60) -> 141.23727 | K64: =K58+(3*K60) -> 1469.2923 | L64: =L58+(3*L60) -> 1290 | M64: =M58+(3*M60) -> 1320 | N64: =N58+(3*N60) -> 1340 | ... Q64: =Q58+(3*Q60) -> 23.45
B65: Lower warning limit (-2s) | C65: =C58-(2*C60) -> 23.539767 | D65: =D58-(2*D60) -> 0.37970439 | E65: =E58-(2*E60) -> 3.3583564 | F65: =F58-(2.5*F60) -> 28.220492 | G65: =G58-(2*G60) -> 13.138876 | H65: =H58-(2*H60) -> 21.8581 | I65: =I58-(2*I60) -> #REF! | J65: =J58-(2*J60) -> 113.73727 | K65: =K58-(2*K60) -> 1443.2218 | L65: =L58-(2*L60) -> 1240 | M65: =M58-(2*M60) -> 1270 | N65: =N58-(2*N60) -> 1290 | ... Q65: =Q58-(2*Q60) -> 22.95
B66: (-1s) | C66: =C58-C60 -> 23.645565 | D66: =D58-D60 -> 0.4198522 | E66: =E58-E60 -> 3.5095628 | F66: =F58-F60 -> 28.506482 | G66: =G58-G60 -> 13.50213 | H66: =H58-H60 -> 22.023336 | I66: =I58-I60 -> #REF! | J66: =J58-J60 -> 119.23727 | ... Q66: =Q58-Q60 -> 23.05
B67: Lower action limit (-3s) | C67: =C58-(3*C60) -> 23.433969 | D67: =D58-(3*D60) -> 0.33955659 | E67: =E58-(3*E60) -> 3.2071499 | F67: =F58-(4*F60) -> 27.934501 | G67: =G58-(3*G60) -> 12.775621 | H67: =H58-(3*H60) -> 21.692864 | I67: =I58-(3*I60) -> #REF! | J67: =J58-(3*J60) -> 108.23727 | K67: =K58-(3*K60) -> 1438.0077 | L67: =L58-(3*L60) -> 1230 | M67: =M58-(3*M60) -> 1260 | N67: =N58-(3*N60) -> 1280 | ... Q67: =Q58-(3*Q60) -> 22.85
B68: Range Limit | C68: 0.12 | D68: =0.02+(0.03*D58) -> 0.0338 | E68: =IF(E58>=5,0.15,0.1) -> 0.1 | F68: =IF(F58>=10,F58*0.03,0.3) -> 0.86091429 | G68: =IF(G58>=10,0.02*G58,0.2) -> 0.27730769 | H68: =IF(H58>=10,0.02*H58,0.2) -> 0.44377143 | I68: =0.02+(0.03*I58) -> #REF! | J68: 30 | K68: 30 | L68: 30 | M68: 30 | N68: 30 | O68: 30 | P68: 0.04 | Q68: 0.12

Sheet CV Chart
B2: CONTROL CHART | L2: ='Plot Data'!C7 -> Calorific Value (MJ/kg) | AC2: Control Sample No : | AK2: ='Data Input'!F11 -> AS CRM 002
L4: Period / / to / / | AD4: Bomb/Vessel :
B6: Date
B7: Analyst
B8: x1
B9: x2
B10: (x1+x2)/2=X
B11: Ix1-x2I=R
B12: X
C13: ='Plot Data'!C64 -> 24.068759 | AT13: +3s
C15: =C19+(C13-C19)/2 -> 24.01586
C19: ='Plot Data'!C62 -> 23.96296 | AT19: +2s
C21: =C25+(C19-C25)/2 -> 23.910061
C25: ='Plot Data'!C63 -> 23.857162
C27: =C31+(C25-C31)/2 -> 23.804263
C31: ='Plot Data'!C58 -> 23.751364 | AT31: 
C33: =C37+(C31-C37)/2 -> 23.698464
C37: ='Plot Data'!C66 -> 23.645565
C39: =C43+(C37-C43)/2 -> 23.592666
C43: ='Plot Data'!C65 -> 23.539767 | AT43: -2s
C45: =C49+(C43-C49)/2 -> 23.486868
C49: ='Plot Data'!C67 -> 23.433969 | AT49: -3s
B52: Range
C55: ='Plot Data'!C68 -> 0.12
C59: =C63+(C55-C63)/2 -> 0.105
C63: =C69+(C55-C69)/2 -> 0.09
C69: =C55/2 -> 0.06
C77: =C69/2 -> 0.03
C81: =C77/2 -> 0.015
E85: 1 | G85: 2 | I85: 3 | K85: 4 | M85: 5 | O85: 6 | Q85: 7 | S85: 8 | U85: 9 | W85: 10 | Y85: 11 | AA85: 12 | AC85: 13 | AE85: 14 | AG85: 15 | AI85: 16 | AK85: 17 | AM85: 18 | AO85: 19 | AQ85: 20 | AS85: 21
B86: Assigned Value (Average) =  | H86: Repeatability Range = R | AB86: KEY: | AD86: Control Value | AJ86: Warning Limit | AP86: Action Limit

Sheet CV Chart - Benzoic
B2: CONTROL CHART | L2: ='Plot Data'!C7 -> Calorific Value (MJ/kg) | AC2: Control Sample No : | AK2: ='Data Input'!BC11 -> Benzoic Acid
L4: Period / / to / / | AD4: Bomb/Vessel : | AK4: 2
B6: Date
B7: Analyst
B8: x1
B9: x2
B10: (x1+x2)/2=X
B11: Ix1-x2I=R
B12: X
C13: ='Plot Data'!P64 -> 26.552 | AT13: +3s
C15: =C19+(C13-C19)/2 -> 26.532
C19: ='Plot Data'!P62 -> 26.512 | AT19: +2s
C21: =C25+(C19-C25)/2 -> 26.492
C25: ='Plot Data'!P63 -> 26.472
C27: =C31+(C25-C31)/2 -> 26.452
C31: ='Plot Data'!P58 -> 26.432 | AT31: 
C33: =C37+(C31-C37)/2 -> 26.412
C37: ='Plot Data'!P66 -> 26.392
C39: =C43+(C37-C43)/2 -> 26.372
C43: ='Plot Data'!P65 -> 26.352 | AT43: -2s
C45: =C49+(C43-C49)/2 -> 26.332
C49: ='Plot Data'!P67 -> 26.312 | AT49: -3s
B52: Range
C55: ='Plot Data'!C68 -> 0.12
C59: =C63+(C55-C63)/2 -> 0.105
C63: =C69+(C55-C69)/2 -> 0.09
C69: =C55/2 -> 0.06
C77: =C69/2 -> 0.03
C81: =C77/2 -> 0.015
E85: 1 | G85: 2 | I85: 3 | K85: 4 | M85: 5 | O85: 6 | Q85: 7 | S85: 8 | U85: 9 | W85: 10 | Y85: 11 | AA85: 12 | AC85: 13 | AE85: 14 | AG85: 15 | AI85: 16 | AK85: 17 | AM85: 18 | AO85: 19 | AQ85: 20 | AS85: 21
B86: Assigned Value (Average) =  | H86: Repeatability Range = R | AB86: KEY: | AD86: Control Value | AJ86: Warning Limit | AP86: Action Limit

Sheet TS Chart Low
B2: CONTROL CHART | L2: ='Plot Data'!D7 -> Low Total Sulphur (%) | AC2: Control Sample No : | AK2: ='Data Input'!N11 -> AS CRM 002
L4: Period / / to / / | AD4: Instrument No :
B6: Date
B7: Analyst
B8: x1
B9: x2
B10: (x1+x2)/2=X
B11: Ix1-x2I=R
B12: X
C13: ='Plot Data'!D64 -> 0.58044341 | AT13: +3s
C15: =C19+(C13-C19)/2 -> 0.56036951
C19: ='Plot Data'!D62 -> 0.54029561 | AT19: +2s
C21: =C25+(C19-C25)/2 -> 0.52022171
C25: ='Plot Data'!D63 -> 0.5001478
C27: =C31+(C25-C31)/2 -> 0.4800739
C31: ='Plot Data'!D58 -> 0.46 | AT31: 
C33: =C37+(C31-C37)/2 -> 0.4399261
C37: ='Plot Data'!D66 -> 0.4198522
C39: =C43+(C37-C43)/2 -> 0.39977829
C43: ='Plot Data'!D65 -> 0.37970439 | AT43: -2s
C45: =C49+(C43-C49)/2 -> 0.35963049
C49: ='Plot Data'!D67 -> 0.33955659 | AT49: -3s
B52: Range
C55: ='Plot Data'!D68 -> 0.0338
C59: =C63+(C55-C63)/2 -> 0.029575
C63: =C69+(C55-C69)/2 -> 0.02535
C69: =C55/2 -> 0.0169
C77: =C69/2 -> 0.00845
C81: =C77/2 -> 0.004225
E85: 1 | G85: 2 | I85: 3 | K85: 4 | M85: 5 | O85: 6 | Q85: 7 | S85: 8 | U85: 9 | W85: 10 | Y85: 11 | AA85: 12 | AC85: 13 | AE85: 14 | AG85: 15 | AI85: 16 | AK85: 17 | AM85: 18 | AO85: 19 | AQ85: 20 | AS85: 21
B86: Assigned Value (Average) =  | H86: Repeatability Range = R | AB86: KEY: | AD86: Control Value | AJ86: Warning Limit | AP86: Action Limit

Sheet TS Chart High
B2: CONTROL CHART | L2: ='Plot Data'!I7 -> High Total Sulphur (%) | AC2: Control Sample No : | AK2: ='Data Input'!#REF! -> #REF!
L4: Period / / to / / | AD4: Instrument No :
B6: Date
B7: Analyst
B8: x1
B9: x2
B10: (x1+x2)/2=X
B11: Ix1-x2I=R
B12: X
C13: ='Plot Data'!I64 -> #REF! | AT13: +3s
C15: =C19+(C13-C19)/2 -> #REF!
C19: ='Plot Data'!I62 -> #REF! | AT19: +2s
C21: =C25+(C19-C25)/2 -> #REF!
C25: ='Plot Data'!I63 -> #REF!
C27: =C31+(C25-C31)/2 -> #REF!
C31: ='Plot Data'!I58 -> #REF! | AT31: 
C33: =C37+(C31-C37)/2 -> #REF!
C37: ='Plot Data'!I66 -> #REF!
C39: =C43+(C37-C43)/2 -> #REF!
C43: ='Plot Data'!I65 -> #REF! | AT43: -2s
C45: =C49+(C43-C49)/2 -> #REF!
C49: ='Plot Data'!I67 -> #REF! | AT49: -3s
B52: Range
C55: ='Plot Data'!I68 -> #REF!
C59: =C63+(C55-C63)/2 -> #REF!
C63: =C69+(C55-C69)/2 -> #REF!
C69: =C55/2 -> #REF!
C77: =C69/2 -> #REF!
C81: =C77/2 -> #REF!
E85: 1 | G85: 2 | I85: 3 | K85: 4 | M85: 5 | O85: 6 | Q85: 7 | S85: 8 | U85: 9 | W85: 10 | Y85: 11 | AA85: 12 | AC85: 13 | AE85: 14 | AG85: 15 | AI85: 16 | AK85: 17 | AM85: 18 | AO85: 19 | AQ85: 20 | AS85: 21
B86: Assigned Value (Average) =  | H86: Repeatability Range = R | AB86: KEY: | AD86: Control Value | AJ86: Warning Limit | AP86: Action Limit

Sheet MIAS Chart
B2: CONTROL CHART | L2: ='Plot Data'!E7 -> MIAS % | AC2: Control Sample No : | AK2: ='Data Input'!V11 -> AS CRM 002
L4: Period / / to / / | AD4: Oven No :
B6: Date
B7: Analyst
B8: x1
B9: x2
B10: (x1+x2)/2=X
B11: Ix1-x2I=R
B12: X
C13: ='Plot Data'!E64 -> 4.1143885 | AT13: +3s
C15: =C19+(C13-C19)/2 -> 4.0387853
C19: ='Plot Data'!E62 -> 3.9631821 | AT19: +2s
C21: =C25+(C19-C25)/2 -> 3.8875789
C25: ='Plot Data'!E63 -> 3.8119757
C27: =C31+(C25-C31)/2 -> 3.7363724
C31: ='Plot Data'!E58 -> 3.6607692 | AT31: 
C33: =C37+(C31-C37)/2 -> 3.585166
C37: ='Plot Data'!E66 -> 3.5095628
C39: =C43+(C37-C43)/2 -> 3.4339596
C43: ='Plot Data'!E65 -> 3.3583564 | AT43: -2s
C45: =C49+(C43-C49)/2 -> 3.2827532
C49: ='Plot Data'!E67 -> 3.2071499 | AT49: -3s
B52: Range
C55: ='Plot Data'!E68 -> 0.1
C59: =C63+(C55-C63)/2 -> 0.0875
C63: =C69+(C55-C69)/2 -> 0.075
C69: =C55/2 -> 0.05
C77: =C69/2 -> 0.025
C81: =C77/2 -> 0.0125
E85: 1 | G85: 2 | I85: 3 | K85: 4 | M85: 5 | O85: 6 | Q85: 7 | S85: 8 | U85: 9 | W85: 10 | Y85: 11 | AA85: 12 | AC85: 13 | AE85: 14 | AG85: 15 | AI85: 16 | AK85: 17 | AM85: 18 | AO85: 19 | AQ85: 20 | AS85: 21
B86: Assigned Value (Average) =  | H86: Repeatability Range = R | AB86: KEY: | AD86: Control Value | AJ86: Warning Limit | AP86: Action Limit

Sheet VM Chart
B2: CONTROL CHART | L2: ='Plot Data'!F7 -> Volatile Matter % | AC2: Control Sample No : | AK2: ='Data Input'!AD11 -> AS CRM 002
L4: Period / / to / / | AD4: Furnace No :
B6: Date
B7: Analyst
B8: x1
B9: x2
B10: (x1+x2)/2=X
B11: Ix1-x2I=R
B12: X
C13: ='Plot Data'!F64 -> 29.459785 | AT13: +3s
C15: =C19+(C13-C19)/2 -> 29.31679
C19: ='Plot Data'!F62 -> 29.173794 | AT19: +2s
C21: =C25+(C19-C25)/2 -> 29.030799
C25: ='Plot Data'!F63 -> 28.887803
C27: =C31+(C25-C31)/2 -> 28.792473
C31: ='Plot Data'!F58 -> 28.697143 | AT31: 
C33: =C37+(C31-C37)/2 -> 28.601813
C37: ='Plot Data'!F66 -> 28.506482
C39: =C43+(C37-C43)/2 -> 28.363487
C43: ='Plot Data'!F65 -> 28.220492 | AT43: -2s
C45: =C49+(C43-C49)/2 -> 28.077496
C49: ='Plot Data'!F67 -> 27.934501 | AT49: -3s
B52: Range
C55: ='Plot Data'!F68 -> 0.86091429
C59: =C63+(C55-C63)/2 -> 0.7533
C63: =C69+(C55-C69)/2 -> 0.64568571
C69: =C55/2 -> 0.43045714
C77: =C69/2 -> 0.21522857
C81: =C77/2 -> 0.10761429
E85: 1 | G85: 2 | I85: 3 | K85: 4 | M85: 5 | O85: 6 | Q85: 7 | S85: 8 | U85: 9 | W85: 10 | Y85: 11 | AA85: 12 | AC85: 13 | AE85: 14 | AG85: 15 | AI85: 16 | AK85: 17 | AM85: 18 | AO85: 19 | AQ85: 20 | AS85: 21
B86: Assigned Value (Average) =  | H86: Repeatability Range = R | AB86: KEY: | AD86: Control Value | AJ86: Warning Limit | AP86: Action Limit

Sheet ISO Ash Chart
B2: CONTROL CHART | L2: ='Plot Data'!G7 -> ISO Ash (%) | AC2: Control Sample No : | AK2: ='Data Input'!AL11 -> AS CRM 002
L4: Period / / to / / | AD4: Furnace No :
B6: Date
B7: Analyst
B8: x1
B9: x2
B10: (x1+x2)/2=X
B11: Ix1-x2I=R
B12: X
C13: ='Plot Data'!G64 -> 14.955148 | AT13: +3s
C15: =C19+(C13-C19)/2 -> 14.773521
C19: ='Plot Data'!G62 -> 14.591894 | AT19: +2s
C21: =C25+(C19-C25)/2 -> 14.410266
C25: ='Plot Data'!G63 -> 14.228639
C27: =C31+(C25-C31)/2 -> 14.047012
C31: ='Plot Data'!G58 -> 13.865385 | AT31: 
C33: =C37+(C31-C37)/2 -> 13.683757
C37: ='Plot Data'!G66 -> 13.50213
C39: =C43+(C37-C43)/2 -> 13.320503
C43: ='Plot Data'!G65 -> 13.138876 | AT43: -2s
C45: =C49+(C43-C49)/2 -> 12.957248
C49: ='Plot Data'!G67 -> 12.775621 | AT49: -3s
B52: Range
C55: ='Plot Data'!G68 -> 0.27730769
C59: =C63+(C55-C63)/2 -> 0.24264423
C63: =C69+(C55-C69)/2 -> 0.20798077
C69: =C55/2 -> 0.13865385
C77: =C69/2 -> 0.069326923
C81: =C77/2 -> 0.034663462
E85: 1 | G85: 2 | I85: 3 | K85: 4 | M85: 5 | O85: 6 | Q85: 7 | S85: 8 | U85: 9 | W85: 10 | Y85: 11 | AA85: 12 | AC85: 13 | AE85: 14 | AG85: 15 | AI85: 16 | AK85: 17 | AM85: 18 | AO85: 19 | AQ85: 20 | AS85: 21
B86: Assigned Value (Average) =  | H86: Repeatability Range = R | AB86: KEY: | AD86: Control Value | AJ86: Warning Limit | AP86: Action Limit

Sheet Quick Ash Chart
B2: CONTROL CHART | L2: ='Plot Data'!H7 -> Quick Ash (%) | AC2: Control Sample No : | AK2: ='Data Input'!AT11 -> AS CRM 002
L4: Period / / to / / | AD4: Furnace No :
B6: Date
B7: Analyst
B8: x1
B9: x2
B10: (x1+x2)/2=X
B11: Ix1-x2I=R
B12: X
C13: ='Plot Data'!H64 -> 22.684279 | AT13: +3s
C15: =C19+(C13-C19)/2 -> 22.601661
C19: ='Plot Data'!H62 -> 22.519043 | AT19: +2s
C21: =C25+(C19-C25)/2 -> 22.436425
C25: ='Plot Data'!H63 -> 22.353807
C27: =C31+(C25-C31)/2 -> 22.271189
C31: ='Plot Data'!H58 -> 22.188571 | AT31: 
C33: =C37+(C31-C37)/2 -> 22.105954
C37: ='Plot Data'!H66 -> 22.023336
C39: =C43+(C37-C43)/2 -> 21.940718
C43: ='Plot Data'!H65 -> 21.8581 | AT43: -2s
C45: =C49+(C43-C49)/2 -> 21.775482
C49: ='Plot Data'!H67 -> 21.692864 | AT49: -3s
B52: Range
C55: ='Plot Data'!H68 -> 0.44377143
C59: =C63+(C55-C63)/2 -> 0.3883
C63: =C69+(C55-C69)/2 -> 0.33282857
C69: =C55/2 -> 0.22188571
C77: =C69/2 -> 0.11094286
C81: =C77/2 -> 0.055471429
E85: 1 | G85: 2 | I85: 3 | K85: 4 | M85: 5 | O85: 6 | Q85: 7 | S85: 8 | U85: 9 | W85: 10 | Y85: 11 | AA85: 12 | AC85: 13 | AE85: 14 | AG85: 15 | AI85: 16 | AK85: 17 | AM85: 18 | AO85: 19 | AQ85: 20 | AS85: 21
B86: Assigned Value (Average) =  | H86: Repeatability Range = R | AB86: KEY: | AD86: Control Value | AJ86: Warning Limit | AP86: 96

Sheet ACTION SHEET CONTROL CHARTS
B3: ACTIONS FOR CONTROL CHART VIOLATIONS
B5: Date | C5: A | D5: B | E5: C | F5: D | G5: Manager/Supervisor Action

Sheet AFT Cu Chart
B2: CONTROL CHART | L2: ='Plot Data'!J7 -> AFT Cu Wire (˚C) | AC2: Control Sample No : | AK2: Cu Wire
L4: Period / / to / / | AD4: Instrument No :
B6: Date
B7: Analyst
B8: x1
B9: x2
B10: (x1+x2)/2=X
B11: Ix1-x2I=R
B12: X
C13: ='Plot Data'!J64 -> 141.23727 | AT13: +3s
C15: =C19+(C13-C19)/2 -> 138.48727
C19: ='Plot Data'!J62 -> 135.73727 | AT19: +2s
C21: =C25+(C19-C25)/2 -> 132.98727
C25: ='Plot Data'!J63 -> 130.23727
C27: =C31+(C25-C31)/2 -> 127.48727
C31: ='Plot Data'!J58 -> 124.73727 | AT31: 
C33: =C37+(C31-C37)/2 -> 121.98727
C37: ='Plot Data'!J66 -> 119.23727
C39: =C43+(C37-C43)/2 -> 116.48727
C43: ='Plot Data'!J65 -> 113.73727 | AT43: -2s
C45: =C49+(C43-C49)/2 -> 110.98727
C49: ='Plot Data'!J67 -> 108.23727 | AT49: -3s
B52: Range
C55: ='Plot Data'!J68 -> 30
C59: =C63+(C55-C63)/2 -> 26.25
C63: =C69+(C55-C69)/2 -> 22.5
C69: =C55/2 -> 15
C77: =C69/2 -> 7.5
C81: =C77/2 -> 3.75
E85: 1 | G85: 2 | I85: 3 | K85: 4 | M85: 5 | O85: 6 | Q85: 7 | S85: 8 | U85: 9 | W85: 10 | Y85: 11 | AA85: 12 | AC85: 13 | AE85: 14 | AG85: 15 | AI85: 16 | AK85: 17 | AM85: 18 | AO85: 19 | AQ85: 20 | AS85: 21
B86: Assigned Value (Average) =  | H86: Repeatability Range = R | AB86: KEY: | AD86: Control Value | AJ86: Warning Limit | AP86: Action Limit

Sheet AFT Ni Chart
B2: CONTROL CHART | L2: ='Plot Data'!K7 -> AFT Ni (˚C) | AC2: Control Sample No : | AK2: Ni Wire - LECO 501-951
L4: Period / / to / / | AD4: Instrument No :
B6: Date
B7: Analyst
B8: x1
B9: x2
B10: (x1+x2)/2=X
B11: Ix1-x2I=R
B12: X
C13: ='Plot Data'!K64 -> 1469.2923 | AT13: +3s
C15: =C19+(C13-C19)/2 -> 1466.6853
C19: ='Plot Data'!K62 -> 1464.0782 | AT19: +2s
C21: =C25+(C19-C25)/2 -> 1461.4712
C25: ='Plot Data'!K63 -> 1458.8641
C27: =C31+(C25-C31)/2 -> 1456.2571
C31: ='Plot Data'!K58 -> 1453.65 | AT31: 
C33: =C37+(C31-C37)/2 -> 1451.0429
C37: ='Plot Data'!K66 -> 1448.4359
C39: =C43+(C37-C43)/2 -> 1445.8288
C43: ='Plot Data'!K65 -> 1443.2218 | AT43: -2s
C45: =C49+(C43-C49)/2 -> 1440.6147
C49: ='Plot Data'!K67 -> 1438.0077 | AT49: -3s
B52: Range
C55: ='Plot Data'!K68 -> 30
C59: =C63+(C55-C63)/2 -> 26.25
C63: =C69+(C55-C69)/2 -> 22.5
C69: =C55/2 -> 15
C77: =C69/2 -> 7.5
C81: =C77/2 -> 3.75
E85: 1 | G85: 2 | I85: 3 | K85: 4 | M85: 5 | O85: 6 | Q85: 7 | S85: 8 | U85: 9 | W85: 10 | Y85: 11 | AA85: 12 | AC85: 13 | AE85: 14 | AG85: 15 | AI85: 16 | AK85: 17 | AM85: 18 | AO85: 19 | AQ85: 20 | AS85: 21
B86: Assigned Value (Average) =  | H86: Repeatability Range = R | AB86: KEY: | AD86: Control Value | AJ86: Warning Limit | AP86: Action Limit

Sheet AFT QC
B2: CONTROL CHART | L2: ='Plot Data'!L7:O7 -> AFT QC (˚C) | AC2: Control Sample No : | AK2: CC CRM 020
L4: Period / / to / / | AD4: Instrument No :
B6: Date
B7: Analyst
B8: DT
B9: ST
B10: HT
B11: FT
B12: DT
C13: ='Plot Data'!L64 -> 1290 | AT13: +3s
C15: =C19+(C13-C19)/2 -> 1285
C19: ='Plot Data'!L62 -> 1280 | AT19: +2s
C21: =C25+(C19-C25)/2 -> 1275
C25: ='Plot Data'!L63 -> 1270
C27: =C31+(C25-C31)/2 -> 1265
C31: ='Plot Data'!L58 -> 1260 | AT31: 
C33: =C37+(C31-C37)/2 -> 1255
C37: ='Plot Data'!L66 -> 1250
C39: =C43+(C37-C43)/2 -> 1245
C43: ='Plot Data'!L65 -> 1240 | AT43: -2s
C45: =C49+(C43-C49)/2 -> 1235
C49: ='Plot Data'!L67 -> 1230 | AT49: -3s
B52: ST
C53: ='Plot Data'!M64 -> 1320 | AT53: +3s
C55: =C59+(C53-C59)/2 -> 1315
C59: ='Plot Data'!M62 -> 1310 | AT59: +2s
C61: =C65+(C59-C65)/2 -> 1305
C65: ='Plot Data'!M63 -> 1300
C67: =C71+(C65-C71)/2 -> 1295
C71: ='Plot Data'!M58 -> 1290 | AT71: 
C73: =C77+(C71-C77)/2 -> 1285
C77: ='Plot Data'!M66 -> 1280
C79: =C83+(C77-C83)/2 -> 1275
C83: ='Plot Data'!M65 -> 1270 | AT83: -2s
C85: =C89+(C83-C89)/2 -> 1265
C89: ='Plot Data'!M67 -> 1260 | AT89: -3s
B92: HT
C93: ='Plot Data'!N64 -> 1340 | AT93: +3s
C95: =C99+(C93-C99)/2 -> 1335
C99: ='Plot Data'!N62 -> 1330 | AT99: +2s
C101: =C105+(C99-C105)/2 -> 1325
C105: ='Plot Data'!N63 -> 1320
C107: =C111+(C105-C111)/2 -> 1315
C111: ='Plot Data'!N58 -> 1310 | AT111: 
C113: =C117+(C111-C117)/2 -> 1305
C117: ='Plot Data'!N66 -> 1300
C119: =C123+(C117-C123)/2 -> 1295
C123: ='Plot Data'!N65 -> 1290 | AT123: -2s
C125: =C129+(C123-C129)/2 -> 1285
C129: ='Plot Data'!N67 -> 1280 | AT129: -3s
B132: FT
C133: ='Plot Data'!O64 -> 1390 | AT133: +3s
C135: =C139+(C133-C139)/2 -> 1385
C139: ='Plot Data'!O62 -> 1380 | AT139: +2s
C141: =C145+(C139-C145)/2 -> 1375
C145: ='Plot Data'!O63 -> 1370
C147: =C151+(C145-C151)/2 -> 1365
C151: ='Plot Data'!O58 -> 1360 | AT151: 
C153: =C157+(C151-C157)/2 -> 1355
C157: ='Plot Data'!O66 -> 1350
C159: =C163+(C157-C163)/2 -> 1345
C163: ='Plot Data'!O65 -> 1340 | AT163: -2s
C165: =C169+(C163-C169)/2 -> 1335
C169: ='Plot Data'!O67 -> 1330 | AT169: -3s
E172: 1 | G172: 2 | I172: 3 | K172: 4 | M172: 5 | O172: 6 | Q172: 7 | S172: 8 | U172: 9 | W172: 10 | Y172: 11 | AA172: 12 | AC172: 13 | AE172: 14 | AG172: 15 | AI172: 16 | AK172: 17 | AM172: 18 | AO172: 19 | AQ172: 20 | AS172: 21
AB173: KEY: | AD173: Control Value | AJ173: Warning Limit | AP173: Action Limit

Sheet CV 1
B2: Calorific Value | E2: MJ/kg | H2: Bomb/Vessel | J2: IMP-CAL-01
B3: CRM | E3: 034 | H3: Dates | I3: =C6 -> 37212 | J3: to | K3: =MAX(C6:C55) -> 39038
B5: Point | C5: Date | D5: Name | E5: Duplicate 1 | F5: Duplicate 2 | G5: Average Result | H5: Range (actual) | I5: -3s | J5: -2s | K5:  | L5: +2s | M5: +3s | N5: Range Limit | O5: Rule 1 | P5: Rule 2 | Q5: Rule 3 | R5: Rule 4 | T5: +ve | U5: -ve | AC5: Rule 5 | AD5: Range OK? | AF5: Control Chart | AH5: =B2 -> Calorific Value | AK5: Instrument | AN5: =J2 -> IMP-CAL-01
B6: 1 | C6: 37212 | E6: 27.1 | F6: 27 | G6: =IF(AND(E6="",F6=""),NA(),AVERAGE(E6:F6)) -> 27.05 | H6: =IF(AND(E6="",F6=""),NA(),ABS(E6-F6)) -> 0.1 | I6: ='Plot Data'!$C$67 -> 23.433969 | J6: ='Plot Data'!$C$65 -> 23.539767 | K6: ='Plot Data'!$C$58 -> 23.751364 | L6: ='Plot Data'!$C$62 -> 23.96296 | M6: ='Plot Data'!$C$64 -> 24.068759 | N6: ='Plot Data'!$C$68 -> 0.12 | O6: =IF(G6>M6,">+3s",IF(G6<I6,"<-3s","Pass")) -> >+3s | AD6: =IF(H6="","",IF(H6>N6,"No","Yes")) -> Yes | AF6: CRM | AH6: =E3 -> 034 | AK6: Dates | AN6: =I3 -> 37212 | AO6: to | AP6: =K3 -> 39038
B7: 2 | C7: 37577 | E7: 26.83 | F7: 26.8 | G7: =IF(AND(E7="",F7=""),NA(),AVERAGE(E7:F7)) -> 26.815 | H7: =IF(AND(E7="",F7=""),NA(),ABS(E7-F7)) -> 0.03 | I7: ='Plot Data'!$C$67 -> 23.433969 | J7: ='Plot Data'!$C$65 -> 23.539767 | K7: ='Plot Data'!$C$58 -> 23.751364 | L7: ='Plot Data'!$C$62 -> 23.96296 | M7: ='Plot Data'!$C$64 -> 24.068759 | N7: ='Plot Data'!$C$68 -> 0.12 | O7: =IF(G7>M7,">+3s",IF(G7<I7,"<-3s","Pass")) -> >+3s | P7: =IF(AND(G7>L7,G6>L6),"Fail > +2s",IF(AND(G7<J7,G6<J6),"Fail < -2s","Pass")) -> Fail > +2s | S7: =IF(E7="","",IF(G7>G6,"+",IF(G7<G6,"-",""))) -> - | AD7: =IF(H7="","",IF(H7>N7,"No","Yes")) -> Yes
B8: 3 | C8: 37942 | E8: 26.93 | F8: 27 | G8: =IF(AND(E8="",F8=""),NA(),AVERAGE(E8:F8)) -> 26.965 | H8: =IF(AND(E8="",F8=""),NA(),ABS(E8-F8)) -> 0.07 | I8: ='Plot Data'!$C$67 -> 23.433969 | J8: ='Plot Data'!$C$65 -> 23.539767 | K8: ='Plot Data'!$C$58 -> 23.751364 | L8: ='Plot Data'!$C$62 -> 23.96296 | M8: ='Plot Data'!$C$64 -> 24.068759 | N8: ='Plot Data'!$C$68 -> 0.12 | O8: =IF(G8>M8,">+3s",IF(G8<I8,"<-3s","Pass")) -> >+3s | P8: =IF(AND(G8>L8,G7>L7),"Fail > +2s",IF(AND(G8>L8,G6>L6),"Fail > +2s",IF(AND(G8<J8,G7<J7),"Fail < -2s",IF(AND(G8<J8,G6<J6),"Fail < -2s","Pass")))) -> Fail > +2s | S8: =IF(E8="","",IF(G8>G7,"+",IF(G8<G7,"-",""))) -> + | X8: =AVERAGE(G6:G8) -> 26.943333 | AD8: =IF(H8="","",IF(H8>N8,"No","Yes")) -> Yes
B9: 4 | C9: 38308 | E9: 27.05 | F9: 27.11 | G9: =IF(AND(E9="",F9=""),NA(),AVERAGE(E9:F9)) -> 27.08 | H9: =IF(AND(E9="",F9=""),NA(),ABS(E9-F9)) -> 0.06 | I9: ='Plot Data'!$C$67 -> 23.433969 | J9: ='Plot Data'!$C$65 -> 23.539767 | K9: ='Plot Data'!$C$58 -> 23.751364 | L9: ='Plot Data'!$C$62 -> 23.96296 | M9: ='Plot Data'!$C$64 -> 24.068759 | N9: ='Plot Data'!$C$68 -> 0.12 | O9: =IF(G9>M9,">+3s",IF(G9<I9,"<-3s","Pass")) -> >+3s | P9: =IF(AND(G9>L9,G8>L8),"Fail > +2s",IF(AND(G9>L9,G7>L7),"Fail > +2s",IF(AND(G9<J9,G8<J8),"Fail < -2s",IF(AND(G9<J9,G7<J7),"Fail < -2s","Pass")))) -> Fail > +2s | S9: =IF(E9="","",IF(G9>G8,"+",IF(G9<G8,"-",""))) -> + | X9: =AVERAGE(G7:G9) -> 26.953333 | Y9: =AVERAGE(G6:G9) -> 26.9775 | AD9: =IF(H9="","",IF(H9>N9,"No","Yes")) -> Yes
B10: 5 | C10: 38673 | E10: 26.99 | F10: 27.01 | G10: =IF(AND(E10="",F10=""),NA(),AVERAGE(E10:F10)) -> 27 | H10: =IF(AND(E10="",F10=""),NA(),ABS(E10-F10)) -> 0.02 | I10: ='Plot Data'!$C$67 -> 23.433969 | J10: ='Plot Data'!$C$65 -> 23.539767 | K10: ='Plot Data'!$C$58 -> 23.751364 | L10: ='Plot Data'!$C$62 -> 23.96296 | M10: ='Plot Data'!$C$64 -> 24.068759 | N10: ='Plot Data'!$C$68 -> 0.12 | O10: =IF(G10>M10,">+3s",IF(G10<I10,"<-3s","Pass")) -> >+3s | P10: =IF(AND(G10>L10,G9>L9),"Fail > +2s",IF(AND(G10>L10,G8>L8),"Fail > +2s",IF(AND(G10<J10,G9<J9),"Fail < -2s",IF(AND(G10<J10,G8<J8),"Fail < -2s","Pass")))) -> Fail > +2s | S10: =IF(E10="","",IF(G10>G9,"+",IF(G10<G9,"-",""))) -> - | X10: =AVERAGE(G8:G10) -> 27.015 | Y10: =AVERAGE(G7:G10) -> 26.965 | Z10: =AVERAGE(G6:G10) -> 26.982 | AD10: =IF(H10="","",IF(H10>N10,"No","Yes")) -> Yes
B11: 6 | C11: 39038 | E11: 27.08 | F11: 27.08 | G11: =IF(AND(E11="",F11=""),NA(),AVERAGE(E11:F11)) -> 27.08 | H11: =IF(AND(E11="",F11=""),NA(),ABS(E11-F11)) -> 0 | I11: ='Plot Data'!$C$67 -> 23.433969 | J11: ='Plot Data'!$C$65 -> 23.539767 | K11: ='Plot Data'!$C$58 -> 23.751364 | L11: ='Plot Data'!$C$62 -> 23.96296 | M11: ='Plot Data'!$C$64 -> 24.068759 | N11: ='Plot Data'!$C$68 -> 0.12 | O11: =IF(G11>M11,">+3s",IF(G11<I11,"<-3s","Pass")) -> >+3s | P11: =IF(AND(G11>L11,G10>L10),"Fail > +2s",IF(AND(G11>L11,G9>L9),"Fail > +2s",IF(AND(G11<J11,G10<J10),"Fail < -2s",IF(AND(G11<J11,G9<J9),"Fail < -2s","Pass")))) -> Fail > +2s | S11: =IF(E11="","",IF(G11>G10,"+",IF(G11<G10,"-",""))) -> + | X11: =AVERAGE(G9:G11) -> 27.053333 | Y11: =AVERAGE(G8:G11) -> 27.03125 | Z11: =AVERAGE(G7:G11) -> 26.988 | AA11: =AVERAGE(G6:G11) -> 26.998333 | AD11: =IF(H11="","",IF(H11>N11,"No","Yes")) -> Yes
B12: 7 | E12: 27.03 | F12: 27.03 | G12: =IF(AND(E12="",F12=""),NA(),AVERAGE(E12:F12)) -> 27.03 | H12: =IF(AND(E12="",F12=""),NA(),ABS(E12-F12)) -> 0 | I12: ='Plot Data'!$C$67 -> 23.433969 | J12: ='Plot Data'!$C$65 -> 23.539767 | K12: ='Plot Data'!$C$58 -> 23.751364 | L12: ='Plot Data'!$C$62 -> 23.96296 | M12: ='Plot Data'!$C$64 -> 24.068759 | N12: ='Plot Data'!$C$68 -> 0.12 | O12: =IF(G12>M12,">+3s",IF(G12<I12,"<-3s","Pass")) -> >+3s | P12: =IF(AND(G12>L12,G11>L11),"Fail > +2s",IF(AND(G12>L12,G10>L10),"Fail > +2s",IF(AND(G12<J12,G11<J11),"Fail < -2s",IF(AND(G12<J12,G10<J10),"Fail < -2s","Pass")))) -> Fail > +2s | R12: =IF(AND(G12>G11,G11>G10,G10>G9,G9>G8,G8>G7,G7>G6),"Fail +ve trend",IF(AND(G12<G11,G11<G10,G10<G9,G9<G8,G8<G7,G7<G6),"Fail -ve trend","Pass")) -> Pass | S12: =IF(E12="","",IF(G12>G11,"+",IF(G12<G11,"-",""))) -> - | X12: =AVERAGE(G10:G12) -> 27.036667 | Y12: =AVERAGE(G9:G12) -> 27.0475 | Z12: =AVERAGE(G8:G12) -> 27.031 | AA12: =AVERAGE(G7:G12) -> 26.995 | AD12: =IF(H12="","",IF(H12>N12,"No","Yes")) -> Yes
B13: 8 | E13: 27.1 | F13: 27.1 | G13: =IF(AND(E13="",F13=""),NA(),AVERAGE(E13:F13)) -> 27.1 | H13: =IF(AND(E13="",F13=""),NA(),ABS(E13-F13)) -> 0 | I13: ='Plot Data'!$C$67 -> 23.433969 | J13: ='Plot Data'!$C$65 -> 23.539767 | K13: ='Plot Data'!$C$58 -> 23.751364 | L13: ='Plot Data'!$C$62 -> 23.96296 | M13: ='Plot Data'!$C$64 -> 24.068759 | N13: ='Plot Data'!$C$68 -> 0.12 | O13: =IF(G13>M13,">+3s",IF(G13<I13,"<-3s","Pass")) -> >+3s | P13: =IF(AND(G13>L13,G12>L12),"Fail > +2s",IF(AND(G13>L13,G11>L11),"Fail > +2s",IF(AND(G13<J13,G12<J12),"Fail < -2s",IF(AND(G13<J13,G11<J11),"Fail < -2s","Pass")))) -> Fail > +2s | Q13: =IF(AND(G13>K13,G12>K13,G11>K13,G10>K13,G9>K13,G8>K13,G7>K13,G6>K13),"Fail +ve bias",IF(AND(G13<K13,G12<K13,G11<K13,G10<K13,G9<K13,G8<K13,G7<K13,G6<K13),"Fail -ve bias","Pass")) -> Fail +ve bias | R13: =IF(AND(G13>G12,G12>G11,G11>G10,G10>G9,G9>G8,G8>G7),"Fail +ve trend",IF(AND(G13<G12,G12<G11,G11<G10,G10<G9,G9<G8,G8<G7),"Fail -ve trend","Pass")) -> Pass | S13: =IF(E13="","",IF(G13>G12,"+",IF(G13<G12,"-",""))) -> + | X13: =AVERAGE(G11:G13) -> 27.07 | Y13: =AVERAGE(G10:G13) -> 27.0525 | Z13: =AVERAGE(G9:G13) -> 27.058 | AA13: =AVERAGE(G8:G13) -> 27.0425 | AD13: =IF(H13="","",IF(H13>N13,"No","Yes")) -> Yes
B14: 9 | E14: 27.06 | F14: 27.06 | G14: =IF(AND(E14="",F14=""),NA(),AVERAGE(E14:F14)) -> 27.06 | H14: =IF(AND(E14="",F14=""),NA(),ABS(E14-F14)) -> 0 | I14: ='Plot Data'!$C$67 -> 23.433969 | J14: ='Plot Data'!$C$65 -> 23.539767 | K14: ='Plot Data'!$C$58 -> 23.751364 | L14: ='Plot Data'!$C$62 -> 23.96296 | M14: ='Plot Data'!$C$64 -> 24.068759 | N14: ='Plot Data'!$C$68 -> 0.12 | O14: =IF(G14>M14,">+3s",IF(G14<I14,"<-3s","Pass")) -> >+3s | P14: =IF(AND(G14>L14,G13>L13),"Fail > +2s",IF(AND(G14>L14,G12>L12),"Fail > +2s",IF(AND(G14<J14,G13<J13),"Fail < -2s",IF(AND(G14<J14,G12<J12),"Fail < -2s","Pass")))) -> Fail > +2s | Q14: =IF(AND(G14>K14,G13>K14,G12>K14,G11>K14,G10>K14,G9>K14,G8>K14,G7>K14),"Fail +ve bias",IF(AND(G14<K14,G13<K14,G12<K14,G11<K14,G10<K14,G9<K14,G8<K14,G7<K14),"Fail -ve bias","Pass")) -> Fail +ve bias | R14: =IF(AND(G14>G13,G13>G12,G12>G11,G11>G10,G10>G9,G9>G8),"Fail +ve trend",IF(AND(G14<G13,G13<G12,G12<G11,G11<G10,G10<G9,G9<G8),"Fail -ve trend","Pass")) -> Pass | S14: =IF(E14="","",IF(G14>G13,"+",IF(G14<G13,"-",""))) -> - | X14: =AVERAGE(G12:G14) -> 27.063333 | Y14: =AVERAGE(G11:G14) -> 27.0675 | Z14: =AVERAGE(G10:G14) -> 27.054 | AA14: =AVERAGE(G9:G14) -> 27.058333 | AD14: =IF(H14="","",IF(H14>N14,"No","Yes")) -> Yes
B15: 10 | E15: 27.12 | F15: 27.2 | G15: =IF(AND(E15="",F15=""),NA(),AVERAGE(E15:F15)) -> 27.16 | H15: =IF(AND(E15="",F15=""),NA(),ABS(E15-F15)) -> 0.08 | I15: ='Plot Data'!$C$67 -> 23.433969 | J15: ='Plot Data'!$C$65 -> 23.539767 | K15: ='Plot Data'!$C$58 -> 23.751364 | L15: ='Plot Data'!$C$62 -> 23.96296 | M15: ='Plot Data'!$C$64 -> 24.068759 | N15: ='Plot Data'!$C$68 -> 0.12 | O15: =IF(G15>M15,">+3s",IF(G15<I15,"<-3s","Pass")) -> >+3s | P15: =IF(AND(G15>L15,G14>L14),"Fail > +2s",IF(AND(G15>L15,G13>L13),"Fail > +2s",IF(AND(G15<J15,G14<J14),"Fail < -2s",IF(AND(G15<J15,G13<J13),"Fail < -2s","Pass")))) -> Fail > +2s | Q15: =IF(AND(G15>K15,G14>K15,G13>K15,G12>K15,G11>K15,G10>K15,G9>K15,G8>K15),"Fail +ve bias",IF(AND(G15<K15,G14<K15,G13<K15,G12<K15,G11<K15,G10<K15,G9<K15,G8<K15),"Fail -ve bias","Pass")) -> Fail +ve bias | R15: =IF(AND(G15>G14,G14>G13,G13>G12,G12>G11,G11>G10,G10>G9),"Fail +ve trend",IF(AND(G15<G14,G14<G13,G13<G12,G12<G11,G11<G10,G10<G9),"Fail -ve trend","Pass")) -> Pass | S15: =IF(E15="","",IF(G15>G14,"+",IF(G15<G14,"-",""))) -> + | T15: =IF(OR(R6="Fail -ve trend",R7="Fail -ve trend",R8="Fail -ve trend",R9="Fail -ve trend",R10="Fail -ve trend",R11="Fail -ve trend",R12="Fail -ve trend",R13="Fail -ve trend",R14="Fail -ve trend",R15="Fail -ve trend",R6="Fail +ve trend",R7="Fail +ve trend",R8="Fail +ve trend",R9="Fail +ve trend",R10="Fail +ve trend",R11="Fail +ve trend",R12="Fail +ve trend",R13="Fail +ve trend",R14="Fail +ve trend",R15="Fail +ve trend"),"",COUNTIF(S6:S15,"+")) -> 5 | U15: =IF(OR(R6="Fail -ve trend",R7="Fail -ve trend",R8="Fail -ve trend",R9="Fail -ve trend",R10="Fail -ve trend",R11="Fail -ve trend",R12="Fail -ve trend",R13="Fail -ve trend",R14="Fail -ve trend",R15="Fail -ve trend",R6="Fail +ve trend",R7="Fail +ve trend",R8="Fail +ve trend",R9="Fail +ve trend",R10="Fail +ve trend",R11="Fail +ve trend",R12="Fail +ve trend",R13="Fail +ve trend",R14="Fail +ve trend",R15="Fail +ve trend"),"",COUNTIF(T6:T15,"+")) -> 0 | V15: =IF(AND(G10>G7,G7>G4,G4>G1,G9>G5,G5>G1),"Fail +ve",IF(AND(G10<G7,G7<G4,G4<G1,G9<G5,G5<G1),"Fail -ve","Pass")) -> Pass | X15: =AVERAGE(G13:G15) -> 27.106667 | Y15: =AVERAGE(G12:G15) -> 27.0875 | Z15: =AVERAGE(G11:G15) -> 27.086 | AA15: =AVERAGE(G10:G15) -> 27.071667 | AB15: =IF(AND(AA15>AA14,AA14>AA13,AA13>AA12,AA12>AA11),"Fail +ve",IF(AND(AA15<AA14,AA14<AA13,AA13<AA12,AA12<AA11),"Fail -ve","Pass")) -> Pass | AC15: =IF(T15="","Pass",IF(T15>=7,"Fail +ve",IF(U15>=7,"Fail -ve","Pass"))) -> Pass | AD15: =IF(H15="","",IF(H15>N15,"No","Yes")) -> Yes
B16: 11 | E16: 27.1 | F16: 27.1 | G16: =IF(AND(E16="",F16=""),NA(),AVERAGE(E16:F16)) -> 27.1 | H16: =IF(AND(E16="",F16=""),NA(),ABS(E16-F16)) -> 0 | I16: ='Plot Data'!$C$67 -> 23.433969 | J16: ='Plot Data'!$C$65 -> 23.539767 | K16: ='Plot Data'!$C$58 -> 23.751364 | L16: ='Plot Data'!$C$62 -> 23.96296 | M16: ='Plot Data'!$C$64 -> 24.068759 | N16: ='Plot Data'!$C$68 -> 0.12 | O16: =IF(G16>M16,">+3s",IF(G16<I16,"<-3s","Pass")) -> >+3s | P16: =IF(AND(G16>L16,G15>L15),"Fail > +2s",IF(AND(G16>L16,G14>L14),"Fail > +2s",IF(AND(G16<J16,G15<J15),"Fail < -2s",IF(AND(G16<J16,G14<J14),"Fail < -2s","Pass")))) -> Fail > +2s | Q16: =IF(AND(G16>K16,G15>K16,G14>K16,G13>K16,G12>K16,G11>K16,G10>K16,G9>K16),"Fail +ve bias",IF(AND(G16<K16,G15<K16,G14<K16,G13<K16,G12<K16,G11<K16,G10<K16,G9<K16),"Fail -ve bias","Pass")) -> Fail +ve bias | R16: =IF(AND(G16>G15,G15>G14,G14>G13,G13>G12,G12>G11,G11>G10),"Fail +ve trend",IF(AND(G16<G15,G15<G14,G14<G13,G13<G12,G12<G11,G11<G10),"Fail -ve trend","Pass")) -> Pass | S16: =IF(E16="","",IF(G16>G15,"+",IF(G16<G15,"-",""))) -> - | T16: =IF(OR(R7="Fail -ve trend",R8="Fail -ve trend",R9="Fail -ve trend",R10="Fail -ve trend",R11="Fail -ve trend",R12="Fail -ve trend",R13="Fail -ve trend",R14="Fail -ve trend",R15="Fail -ve trend",R16="Fail -ve trend",R7="Fail +ve trend",R8="Fail +ve trend",R9="Fail +ve trend",R10="Fail +ve trend",R11="Fail +ve trend",R12="Fail +ve trend",R13="Fail +ve trend",R14="Fail +ve trend",R15="Fail +ve trend",R16="Fail +ve trend"),"",COUNTIF(S7:S16,"+")) -> 5 | U16: =IF(OR(R7="Fail -ve trend",R8="Fail -ve trend",R9="Fail -ve trend",R10="Fail -ve trend",R11="Fail -ve trend",R12="Fail -ve trend",R13="Fail -ve trend",R14="Fail -ve trend",R15="Fail -ve trend",R16="Fail -ve trend",R7="Fail +ve trend",R8="Fail +ve trend",R9="Fail +ve trend",R10="Fail +ve trend",R11="Fail +ve trend",R12="Fail +ve trend",R13="Fail +ve trend",R14="Fail +ve trend",R15="Fail +ve trend",R16="Fail +ve trend"),"",COUNTIF(T7:T16,"+")) -> 0 | X16: =AVERAGE(G14:G16) -> 27.106667 | Y16: =AVERAGE(G13:G16) -> 27.105 | Z16: =AVERAGE(G12:G16) -> 27.09 | AA16: =AVERAGE(G11:G16) -> 27.088333 | AB16: =IF(AND(AA16>AA15,AA15>AA14,AA14>AA13,AA13>AA12),"Fail +ve",IF(AND(AA16<AA15,AA15<AA14,AA14<AA13,AA13<AA12),"Fail -ve","Pass")) -> Fail +ve | AC16: =IF(T16="","Pass",IF(T16>=7,"Fail +ve",IF(U16>=7,"Fail -ve","Pass"))) -> Pass | AD16: =IF(H16="","",IF(H16>N16,"No","Yes")) -> Yes
B17: 12 | E17: 27 | F17: 27 | G17: =IF(AND(E17="",F17=""),NA(),AVERAGE(E17:F17)) -> 27 | H17: =IF(AND(E17="",F17=""),NA(),ABS(E17-F17)) -> 0 | I17: ='Plot Data'!$C$67 -> 23.433969 | J17: ='Plot Data'!$C$65 -> 23.539767 | K17: ='Plot Data'!$C$58 -> 23.751364 | L17: ='Plot Data'!$C$62 -> 23.96296 | M17: ='Plot Data'!$C$64 -> 24.068759 | N17: ='Plot Data'!$C$68 -> 0.12 | O17: =IF(G17>M17,">+3s",IF(G17<I17,"<-3s","Pass")) -> >+3s | P17: =IF(AND(G17>L17,G16>L16),"Fail > +2s",IF(AND(G17>L17,G15>L15),"Fail > +2s",IF(AND(G17<J17,G16<J16),"Fail < -2s",IF(AND(G17<J17,G15<J15),"Fail < -2s","Pass")))) -> Fail > +2s | Q17: =IF(AND(G17>K17,G16>K17,G15>K17,G14>K17,G13>K17,G12>K17,G11>K17,G10>K17),"Fail +ve bias",IF(AND(G17<K17,G16<K17,G15<K17,G14<K17,G13<K17,G12<K17,G11<K17,G10<K17),"Fail -ve bias","Pass")) -> Fail +ve bias | R17: =IF(AND(G17>G16,G16>G15,G15>G14,G14>G13,G13>G12,G12>G11),"Fail +ve trend",IF(AND(G17<G16,G16<G15,G15<G14,G14<G13,G13<G12,G12<G11),"Fail -ve trend","Pass")) -> Pass | S17: =IF(E17="","",IF(G17>G16,"+",IF(G17<G16,"-",""))) -> - | T17: =IF(OR(R8="Fail -ve trend",R9="Fail -ve trend",R10="Fail -ve trend",R11="Fail -ve trend",R12="Fail -ve trend",R13="Fail -ve trend",R14="Fail -ve trend",R15="Fail -ve trend",R16="Fail -ve trend",R17="Fail -ve trend",R8="Fail +ve trend",R9="Fail +ve trend",R10="Fail +ve trend",R11="Fail +ve trend",R12="Fail +ve trend",R13="Fail +ve trend",R14="Fail +ve trend",R15="Fail +ve trend",R16="Fail +ve trend",R17="Fail +ve trend"),"",COUNTIF(S8:S17,"+")) -> 5 | U17: =IF(OR(R8="Fail -ve trend",R9="Fail -ve trend",R10="Fail -ve trend",R11="Fail -ve trend",R12="Fail -ve trend",R13="Fail -ve trend",R14="Fail -ve trend",R15="Fail -ve trend",R16="Fail -ve trend",R17="Fail -ve trend",R8="Fail +ve trend",R9="Fail +ve trend",R10="Fail +ve trend",R11="Fail +ve trend",R12="Fail +ve trend",R13="Fail +ve trend",R14="Fail +ve trend",R15="Fail +ve trend",R16="Fail +ve trend",R17="Fail +ve trend"),"",COUNTIF(T8:T17,"+")) -> 0 | X17: =AVERAGE(G15:G17) -> 27.086667 | AA17: =AVERAGE(G12:G17) -> 27.075 | AB17: =IF(AND(AA17>AA16,AA16>AA15,AA15>AA14,AA14>AA13),"Fail +ve",IF(AND(AA17<AA16,AA16<AA15,AA15<AA14,AA14<AA13),"Fail -ve","Pass")) -> Pass | AC17: =IF(T17="","Pass",IF(T17>=7,"Fail +ve",IF(U17>=7,"Fail -ve","Pass"))) -> Pass | AD17: =IF(H17="","",IF(H17>N17,"No","Yes")) -> Yes
B18: 13 | E18: 26.95 | F18: 26.95 | G18: =IF(AND(E18="",F18=""),NA(),AVERAGE(E18:F18)) -> 26.95 | H18: =IF(AND(E18="",F18=""),NA(),ABS(E18-F18)) -> 0 | I18: ='Plot Data'!$C$67 -> 23.433969 | J18: ='Plot Data'!$C$65 -> 23.539767 | K18: ='Plot Data'!$C$58 -> 23.751364 | L18: ='Plot Data'!$C$62 -> 23.96296 | M18: ='Plot Data'!$C$64 -> 24.068759 | N18: ='Plot Data'!$C$68 -> 0.12 | O18: =IF(G18>M18,">+3s",IF(G18<I18,"<-3s","Pass")) -> >+3s | P18: =IF(AND(G18>L18,G17>L17),"Fail > +2s",IF(AND(G18>L18,G16>L16),"Fail > +2s",IF(AND(G18<J18,G17<J17),"Fail < -2s",IF(AND(G18<J18,G16<J16),"Fail < -2s","Pass")))) -> Fail > +2s | Q18: =IF(AND(G18>K18,G17>K18,G16>K18,G15>K18,G14>K18,G13>K18,G12>K18,G11>K18),"Fail +ve bias",IF(AND(G18<K18,G17<K18,G16<K18,G15<K18,G14<K18,G13<K18,G12<K18,G11<K18),"Fail -ve bias","Pass")) -> Fail +ve bias | R18: =IF(AND(G18>G17,G17>G16,G16>G15,G15>G14,G14>G13,G13>G12),"Fail +ve trend",IF(AND(G18<G17,G17<G16,G16<G15,G15<G14,G14<G13,G13<G12),"Fail -ve trend","Pass")) -> Pass | S18: =IF(E18="","",IF(G18>G17,"+",IF(G18<G17,"-",""))) -> - | T18: =IF(OR(R9="Fail -ve trend",R10="Fail -ve trend",R11="Fail -ve trend",R12="Fail -ve trend",R13="Fail -ve trend",R14="Fail -ve trend",R15="Fail -ve trend",R16="Fail -ve trend",R17="Fail -ve trend",R18="Fail -ve trend",R9="Fail +ve trend",R10="Fail +ve trend",R11="Fail +ve trend",R12="Fail +ve trend",R13="Fail +ve trend",R14="Fail +ve trend",R15="Fail +ve trend",R16="Fail +ve trend",R17="Fail +ve trend",R18="Fail +ve trend"),"",COUNTIF(S9:S18,"+")) -> 4 | U18: =IF(OR(R9="Fail -ve trend",R10="Fail -ve trend",R11="Fail -ve trend",R12="Fail -ve trend",R13="Fail -ve trend",R14="Fail -ve trend",R15="Fail -ve trend",R16="Fail -ve trend",R17="Fail -ve trend",R18="Fail -ve trend",R9="Fail +ve trend",R10="Fail +ve trend",R11="Fail +ve trend",R12="Fail +ve trend",R13="Fail +ve trend",R14="Fail +ve trend",R15="Fail +ve trend",R16="Fail +ve trend",R17="Fail +ve trend",R18="Fail +ve trend"),"",COUNTIF(T9:T18,"+")) -> 0 | AA18: =AVERAGE(G13:G18) -> 27.061667 | AB18: =IF(AND(AA18>AA17,AA17>AA16,AA16>AA15,AA15>AA14),"Fail +ve",IF(AND(AA18<AA17,AA17<AA16,AA16<AA15,AA15<AA14),"Fail -ve","Pass")) -> Pass | AC18: =IF(T18="","Pass",IF(T18>=7,"Fail +ve",IF(U18>=7,"Fail -ve","Pass"))) -> Pass | AD18: =IF(H18="","",IF(H18>N18,"No","Yes")) -> Yes
B19: 14 | E19: 27 | F19: 27 | G19: =IF(AND(E19="",F19=""),NA(),AVERAGE(E19:F19)) -> 27 | H19: =IF(AND(E19="",F19=""),NA(),ABS(E19-F19)) -> 0 | I19: ='Plot Data'!$C$67 -> 23.433969 | J19: ='Plot Data'!$C$65 -> 23.539767 | K19: ='Plot Data'!$C$58 -> 23.751364 | L19: ='Plot Data'!$C$62 -> 23.96296 | M19: ='Plot Data'!$C$64 -> 24.068759 | N19: ='Plot Data'!$C$68 -> 0.12 | O19: =IF(G19>M19,">+3s",IF(G19<I19,"<-3s","Pass")) -> >+3s | P19: =IF(AND(G19>L19,G18>L18),"Fail > +2s",IF(AND(G19>L19,G17>L17),"Fail > +2s",IF(AND(G19<J19,G18<J18),"Fail < -2s",IF(AND(G19<J19,G17<J17),"Fail < -2s","Pass")))) -> Fail > +2s | Q19: =IF(AND(G19>K19,G18>K19,G17>K19,G16>K19,G15>K19,G14>K19,G13>K19,G12>K19),"Fail +ve bias",IF(AND(G19<K19,G18<K19,G17<K19,G16<K19,G15<K19,G14<K19,G13<K19,G12<K19),"Fail -ve bias","Pass")) -> Fail +ve bias | R19: =IF(AND(G19>G18,G18>G17,G17>G16,G16>G15,G15>G14,G14>G13),"Fail +ve trend",IF(AND(G19<G18,G18<G17,G17<G16,G16<G15,G15<G14,G14<G13),"Fail -ve trend","Pass")) -> Pass | S19: =IF(E19="","",IF(G19>G18,"+",IF(G19<G18,"-",""))) -> + | T19: =IF(OR(R10="Fail -ve trend",R11="Fail -ve trend",R12="Fail -ve trend",R13="Fail -ve trend",R14="Fail -ve trend",R15="Fail -ve trend",R16="Fail -ve trend",R17="Fail -ve trend",R18="Fail -ve trend",R19="Fail -ve trend",R10="Fail +ve trend",R11="Fail +ve trend",R12="Fail +ve trend",R13="Fail +ve trend",R14="Fail +ve trend",R15="Fail +ve trend",R16="Fail +ve trend",R17="Fail +ve trend",R18="Fail +ve trend",R19="Fail +ve trend"),"",COUNTIF(S10:S19,"+")) -> 4 | U19: =IF(OR(R10="Fail -ve trend",R11="Fail -ve trend",R12="Fail -ve trend",R13="Fail -ve trend",R14="Fail -ve trend",R15="Fail -ve trend",R16="Fail -ve trend",R17="Fail -ve trend",R18="Fail -ve trend",R19="Fail -ve trend",R10="Fail +ve trend",R11="Fail +ve trend",R12="Fail +ve trend",R13="Fail +ve trend",R14="Fail +ve trend",R15="Fail +ve trend",R16="Fail +ve trend",R17="Fail +ve trend",R18="Fail +ve trend",R19="Fail +ve trend"),"",COUNTIF(T10:T19,"+")) -> 0 | AA19: =AVERAGE(G14:G19) -> 27.045 | AB19: =IF(AND(AA19>AA18,AA18>AA17,AA17>AA16,AA16>AA15),"Fail +ve",IF(AND(AA19<AA18,AA18<AA17,AA17<AA16,AA16<AA15),"Fail -ve","Pass")) -> Pass | AC19: =IF(T19="","Pass",IF(T19>=7,"Fail +ve",IF(U19>=7,"Fail -ve","Pass"))) -> Pass | AD19: =IF(H19="","",IF(H19>N19,"No","Yes")) -> Yes
B20: 15 | E20: 27.04 | F20: 27 | G20: =IF(AND(E20="",F20=""),NA(),AVERAGE(E20:F20)) -> 27.02 | H20: =IF(AND(E20="",F20=""),NA(),ABS(E20-F20)) -> 0.04 | I20: ='Plot Data'!$C$67 -> 23.433969 | J20: ='Plot Data'!$C$65 -> 23.539767 | K20: ='Plot Data'!$C$58 -> 23.751364 | L20: ='Plot Data'!$C$62 -> 23.96296 | M20: ='Plot Data'!$C$64 -> 24.068759 | N20: ='Plot Data'!$C$68 -> 0.12 | O20: =IF(G20>M20,">+3s",IF(G20<I20,"<-3s","Pass")) -> >+3s | P20: =IF(AND(G20>L20,G19>L19),"Fail > +2s",IF(AND(G20>L20,G18>L18),"Fail > +2s",IF(AND(G20<J20,G19<J19),"Fail < -2s",IF(AND(G20<J20,G18<J18),"Fail < -2s","Pass")))) -> Fail > +2s | Q20: =IF(AND(G20>K20,G19>K20,G18>K20,G17>K20,G16>K20,G15>K20,G14>K20,G13>K20),"Fail +ve bias",IF(AND(G20<K20,G19<K20,G18<K20,G17<K20,G16<K20,G15<K20,G14<K20,G13<K20),"Fail -ve bias","Pass")) -> Fail +ve bias | R20: =IF(AND(G20>G19,G19>G18,G18>G17,G17>G16,G16>G15,G15>G14),"Fail +ve trend",IF(AND(G20<G19,G19<G18,G18<G17,G17<G16,G16<G15,G15<G14),"Fail -ve trend","Pass")) -> Pass | S20: =IF(E20="","",IF(G20>G19,"+",IF(G20<G19,"-",""))) -> + | T20: =IF(OR(R11="Fail -ve trend",R12="Fail -ve trend",R13="Fail -ve trend",R14="Fail -ve trend",R15="Fail -ve trend",R16="Fail -ve trend",R17="Fail -ve trend",R18="Fail -ve trend",R19="Fail -ve trend",R20="Fail -ve trend",R11="Fail +ve trend",R12="Fail +ve trend",R13="Fail +ve trend",R14="Fail +ve trend",R15="Fail +ve trend",R16="Fail +ve trend",R17="Fail +ve trend",R18="Fail +ve trend",R19="Fail +ve trend",R20="Fail +ve trend"),"",COUNTIF(S11:S20,"+")) -> 5 | U20: =IF(OR(R11="Fail -ve trend",R12="Fail -ve trend",R13="Fail -ve trend",R14="Fail -ve trend",R15="Fail -ve trend",R16="Fail -ve trend",R17="Fail -ve trend",R18="Fail -ve trend",R19="Fail -ve trend",R20="Fail -ve trend",R11="Fail +ve trend",R12="Fail +ve trend",R13="Fail +ve trend",R14="Fail +ve trend",R15="Fail +ve trend",R16="Fail +ve trend",R17="Fail +ve trend",R18="Fail +ve trend",R19="Fail +ve trend",R20="Fail +ve trend"),"",COUNTIF(T11:T20,"+")) -> 0 | AA20: =AVERAGE(G15:G20) -> 27.038333 | AB20: =IF(AND(AA20>AA19,AA19>AA18,AA18>AA17,AA17>AA16),"Fail +ve",IF(AND(AA20<AA19,AA19<AA18,AA18<AA17,AA17<AA16),"Fail -ve","Pass")) -> Fail -ve | AC20: =IF(T20="","Pass",IF(T20>=7,"Fail +ve",IF(U20>=7,"Fail -ve","Pass"))) -> Pass | AD20: =IF(H20="","",IF(H20>N20,"No","Yes")) -> Yes
B21: 16 | E21: 26.9 | F21: 26.92 | G21: =IF(AND(E21="",F21=""),NA(),AVERAGE(E21:F21)) -> 26.91 | H21: =IF(AND(E21="",F21=""),NA(),ABS(E21-F21)) -> 0.02 | I21: ='Plot Data'!$C$67 -> 23.433969 | J21: ='Plot Data'!$C$65 -> 23.539767 | K21: ='Plot Data'!$C$58 -> 23.751364 | L21: ='Plot Data'!$C$62 -> 23.96296 | M21: ='Plot Data'!$C$64 -> 24.068759 | N21: ='Plot Data'!$C$68 -> 0.12 | O21: =IF(G21>M21,">+3s",IF(G21<I21,"<-3s","Pass")) -> >+3s | P21: =IF(AND(G21>L21,G20>L20),"Fail > +2s",IF(AND(G21>L21,G19>L19),"Fail > +2s",IF(AND(G21<J21,G20<J20),"Fail < -2s",IF(AND(G21<J21,G19<J19),"Fail < -2s","Pass")))) -> Fail > +2s | Q21: =IF(AND(G21>K21,G20>K21,G19>K21,G18>K21,G17>K21,G16>K21,G15>K21,G14>K21),"Fail +ve bias",IF(AND(G21<K21,G20<K21,G19<K21,G18<K21,G17<K21,G16<K21,G15<K21,G14<K21),"Fail -ve bias","Pass")) -> Fail +ve bias | R21: =IF(AND(G21>G20,G20>G19,G19>G18,G18>G17,G17>G16,G16>G15),"Fail +ve trend",IF(AND(G21<G20,G20<G19,G19<G18,G18<G17,G17<G16,G16<G15),"Fail -ve trend","Pass")) -> Pass | S21: =IF(E21="","",IF(G21>G20,"+",IF(G21<G20,"-",""))) -> - | T21: =IF(OR(R12="Fail -ve trend",R13="Fail -ve trend",R14="Fail -ve trend",R15="Fail -ve trend",R16="Fail -ve trend",R17="Fail -ve trend",R18="Fail -ve trend",R19="Fail -ve trend",R20="Fail -ve trend",R21="Fail -ve trend",R12="Fail +ve trend",R13="Fail +ve trend",R14="Fail +ve trend",R15="Fail +ve trend",R16="Fail +ve trend",R17="Fail +ve trend",R18="Fail +ve trend",R19="Fail +ve trend",R20="Fail +ve trend",R21="Fail +ve trend"),"",COUNTIF(S12:S21,"+")) -> 4 | U21: =IF(OR(R12="Fail -ve trend",R13="Fail -ve trend",R14="Fail -ve trend",R15="Fail -ve trend",R16="Fail -ve trend",R17="Fail -ve trend",R18="Fail -ve trend",R19="Fail -ve trend",R20="Fail -ve trend",R21="Fail -ve trend",R12="Fail +ve trend",R13="Fail +ve trend",R14="Fail +ve trend",R15="Fail +ve trend",R16="Fail +ve trend",R17="Fail +ve trend",R18="Fail +ve trend",R19="Fail +ve trend",R20="Fail +ve trend",R21="Fail +ve trend"),"",COUNTIF(T12:T21,"+")) -> 0 | AA21: =AVERAGE(G16:G21) -> 26.996667 | AB21: =IF(AND(AA21>AA20,AA20>AA19,AA19>AA18,AA18>AA17),"Fail +ve",IF(AND(AA21<AA20,AA20<AA19,AA19<AA18,AA18<AA17),"Fail -ve","Pass")) -> Fail -ve | AC21: =IF(T21="","Pass",IF(T21>=7,"Fail +ve",IF(U21>=7,"Fail -ve","Pass"))) -> Pass | AD21: =IF(H21="","",IF(H21>N21,"No","Yes")) -> Yes
B22: 17 | E22: 26.94 | F22: 26.92 | G22: =IF(AND(E22="",F22=""),NA(),AVERAGE(E22:F22)) -> 26.93 | H22: =IF(AND(E22="",F22=""),NA(),ABS(E22-F22)) -> 0.02 | I22: ='Plot Data'!$C$67 -> 23.433969 | J22: ='Plot Data'!$C$65 -> 23.539767 | K22: ='Plot Data'!$C$58 -> 23.751364 | L22: ='Plot Data'!$C$62 -> 23.96296 | M22: ='Plot Data'!$C$64 -> 24.068759 | N22: ='Plot Data'!$C$68 -> 0.12 | O22: =IF(G22>M22,">+3s",IF(G22<I22,"<-3s","Pass")) -> >+3s | P22: =IF(AND(G22>L22,G21>L21),"Fail > +2s",IF(AND(G22>L22,G20>L20),"Fail > +2s",IF(AND(G22<J22,G21<J21),"Fail < -2s",IF(AND(G22<J22,G20<J20),"Fail < -2s","Pass")))) -> Fail > +2s | Q22: =IF(AND(G22>K22,G21>K22,G20>K22,G19>K22,G18>K22,G17>K22,G16>K22,G15>K22),"Fail +ve bias",IF(AND(G22<K22,G21<K22,G20<K22,G19<K22,G18<K22,G17<K22,G16<K22,G15<K22),"Fail -ve bias","Pass")) -> Fail +ve bias | R22: =IF(AND(G22>G21,G21>G20,G20>G19,G19>G18,G18>G17,G17>G16),"Fail +ve trend",IF(AND(G22<G21,G21<G20,G20<G19,G19<G18,G18<G17,G17<G16),"Fail -ve trend","Pass")) -> Pass | S22: =IF(E22="","",IF(G22>G21,"+",IF(G22<G21,"-",""))) -> + | T22: =IF(OR(R13="Fail -ve trend",R14="Fail -ve trend",R15="Fail -ve trend",R16="Fail -ve trend",R17="Fail -ve trend",R18="Fail -ve trend",R19="Fail -ve trend",R20="Fail -ve trend",R21="Fail -ve trend",R22="Fail -ve trend",R13="Fail +ve trend",R14="Fail +ve trend",R15="Fail +ve trend",R16="Fail +ve trend",R17="Fail +ve trend",R18="Fail +ve trend",R19="Fail +ve trend",R20="Fail +ve trend",R21="Fail +ve trend",R22="Fail +ve trend"),"",COUNTIF(S13:S22,"+")) -> 5 | U22: =IF(OR(R13="Fail -ve trend",R14="Fail -ve trend",R15="Fail -ve trend",R16="Fail -ve trend",R17="Fail -ve trend",R18="Fail -ve trend",R19="Fail -ve trend",R20="Fail -ve trend",R21="Fail -ve trend",R22="Fail -ve trend",R13="Fail +ve trend",R14="Fail +ve trend",R15="Fail +ve trend",R16="Fail +ve trend",R17="Fail +ve trend",R18="Fail +ve trend",R19="Fail +ve trend",R20="Fail +ve trend",R21="Fail +ve trend",R22="Fail +ve trend"),"",COUNTIF(T13:T22,"+")) -> 0 | AA22: =AVERAGE(G17:G22) -> 26.968333 | AB22: =IF(AND(AA22>AA21,AA21>AA20,AA20>AA19,AA19>AA18),"Fail +ve",IF(AND(AA22<AA21,AA21<AA20,AA20<AA19,AA19<AA18),"Fail -ve","Pass")) -> Fail -ve | AC22: =IF(T22="","Pass",IF(T22>=7,"Fail +ve",IF(U22>=7,"Fail -ve","Pass"))) -> Pass | AD22: =IF(H22="","",IF(H22>N22,"No","Yes")) -> Yes
B23: 18 | E23: 26.88 | F23: 26.87 | G23: =IF(AND(E23="",F23=""),NA(),AVERAGE(E23:F23)) -> 26.875 | H23: =IF(AND(E23="",F23=""),NA(),ABS(E23-F23)) -> 0.01 | I23: ='Plot Data'!$C$67 -> 23.433969 | J23: ='Plot Data'!$C$65 -> 23.539767 | K23: ='Plot Data'!$C$58 -> 23.751364 | L23: ='Plot Data'!$C$62 -> 23.96296 | M23: ='Plot Data'!$C$64 -> 24.068759 | N23: ='Plot Data'!$C$68 -> 0.12 | O23: =IF(G23>M23,">+3s",IF(G23<I23,"<-3s","Pass")) -> >+3s | P23: =IF(AND(G23>L23,G22>L22),"Fail > +2s",IF(AND(G23>L23,G21>L21),"Fail > +2s",IF(AND(G23<J23,G22<J22),"Fail < -2s",IF(AND(G23<J23,G21<J21),"Fail < -2s","Pass")))) -> Fail > +2s | Q23: =IF(AND(G23>K23,G22>K23,G21>K23,G20>K23,G19>K23,G18>K23,G17>K23,G16>K23),"Fail +ve bias",IF(AND(G23<K23,G22<K23,G21<K23,G20<K23,G19<K23,G18<K23,G17<K23,G16<K23),"Fail -ve bias","Pass")) -> Fail +ve bias | R23: =IF(AND(G23>G22,G22>G21,G21>G20,G20>G19,G19>G18,G18>G17),"Fail +ve trend",IF(AND(G23<G22,G22<G21,G21<G20,G20<G19,G19<G18,G18<G17),"Fail -ve trend","Pass")) -> Pass | S23: =IF(E23="","",IF(G23>G22,"+",IF(G23<G22,"-",""))) -> - | T23: =IF(OR(R14="Fail -ve trend",R15="Fail -ve trend",R16="Fail -ve trend",R17="Fail -ve trend",R18="Fail -ve trend",R19="Fail -ve trend",R20="Fail -ve trend",R21="Fail -ve trend",R22="Fail -ve trend",R23="Fail -ve trend",R14="Fail +ve trend",R15="Fail +ve trend",R16="Fail +ve trend",R17="Fail +ve trend",R18="Fail +ve trend",R19="Fail +ve trend",R20="Fail +ve trend",R21="Fail +ve trend",R22="Fail +ve trend",R23="Fail +ve trend"),"",COUNTIF(S14:S23,"+")) -> 4 | U23: =IF(OR(R14="Fail -ve trend",R15="Fail -ve trend",R16="Fail -ve trend",R17="Fail -ve trend",R18="Fail -ve trend",R19="Fail -ve trend",R20="Fail -ve trend",R21="Fail -ve trend",R22="Fail -ve trend",R23="Fail -ve trend",R14="Fail +ve trend",R15="Fail +ve trend",R16="Fail +ve trend",R17="Fail +ve trend",R18="Fail +ve trend",R19="Fail +ve trend",R20="Fail +ve trend",R21="Fail +ve trend",R22="Fail +ve trend",R23="Fail +ve trend"),"",COUNTIF(T14:T23,"+")) -> 0 | AA23: =AVERAGE(G18:G23) -> 26.9475 | AB23: =IF(AND(AA23>AA22,AA22>AA21,AA21>AA20,AA20>AA19),"Fail +ve",IF(AND(AA23<AA22,AA22<AA21,AA21<AA20,AA20<AA19),"Fail -ve","Pass")) -> Fail -ve | AC23: =IF(T23="","Pass",IF(T23>=7,"Fail +ve",IF(U23>=7,"Fail -ve","Pass"))) -> Pass | AD23: =IF(H23="","",IF(H23>N23,"No","Yes")) -> Yes
B24: 19 | E24: 26.85 | F24: 26.85 | G24: =IF(AND(E24="",F24=""),NA(),AVERAGE(E24:F24)) -> 26.85 | H24: =IF(AND(E24="",F24=""),NA(),ABS(E24-F24)) -> 0 | I24: ='Plot Data'!$C$67 -> 23.433969 | J24: ='Plot Data'!$C$65 -> 23.539767 | K24: ='Plot Data'!$C$58 -> 23.751364 | L24: ='Plot Data'!$C$62 -> 23.96296 | M24: ='Plot Data'!$C$64 -> 24.068759 | N24: ='Plot Data'!$C$68 -> 0.12 | O24: =IF(G24>M24,">+3s",IF(G24<I24,"<-3s","Pass")) -> >+3s | P24: =IF(AND(G24>L24,G23>L23),"Fail > +2s",IF(AND(G24>L24,G22>L22),"Fail > +2s",IF(AND(G24<J24,G23<J23),"Fail < -2s",IF(AND(G24<J24,G22<J22),"Fail < -2s","Pass")))) -> Fail > +2s | Q24: =IF(AND(G24>K24,G23>K24,G22>K24,G21>K24,G20>K24,G19>K24,G18>K24,G17>K24),"Fail +ve bias",IF(AND(G24<K24,G23<K24,G22<K24,G21<K24,G20<K24,G19<K24,G18<K24,G17<K24),"Fail -ve bias","Pass")) -> Fail +ve bias | R24: =IF(AND(G24>G23,G23>G22,G22>G21,G21>G20,G20>G19,G19>G18),"Fail +ve trend",IF(AND(G24<G23,G23<G22,G22<G21,G21<G20,G20<G19,G19<G18),"Fail -ve trend","Pass")) -> Pass | S24: =IF(E24="","",IF(G24>G23,"+",IF(G24<G23,"-",""))) -> - | T24: =IF(OR(R15="Fail -ve trend",R16="Fail -ve trend",R17="Fail -ve trend",R18="Fail -ve trend",R19="Fail -ve trend",R20="Fail -ve trend",R21="Fail -ve trend",R22="Fail -ve trend",R23="Fail -ve trend",R24="Fail -ve trend",R15="Fail +ve trend",R16="Fail +ve trend",R17="Fail +ve trend",R18="Fail +ve trend",R19="Fail +ve trend",R20="Fail +ve trend",R21="Fail +ve trend",R22="Fail +ve trend",R23="Fail +ve trend",R24="Fail +ve trend"),"",COUNTIF(S15:S24,"+")) -> 4 | U24: =IF(OR(R15="Fail -ve trend",R16="Fail -ve trend",R17="Fail -ve trend",R18="Fail -ve trend",R19="Fail -ve trend",R20="Fail -ve trend",R21="Fail -ve trend",R22="Fail -ve trend",R23="Fail -ve trend",R24="Fail -ve trend",R15="Fail +ve trend",R16="Fail +ve trend",R17="Fail +ve trend",R18="Fail +ve trend",R19="Fail +ve trend",R20="Fail +ve trend",R21="Fail +ve trend",R22="Fail +ve trend",R23="Fail +ve trend",R24="Fail +ve trend"),"",COUNTIF(T15:T24,"+")) -> 0 | AA24: =AVERAGE(G19:G24) -> 26.930833 | AB24: =IF(AND(AA24>AA23,AA23>AA22,AA22>AA21,AA21>AA20),"Fail +ve",IF(AND(AA24<AA23,AA23<AA22,AA22<AA21,AA21<AA20),"Fail -ve","Pass")) -> Fail -ve | AC24: =IF(T24="","Pass",IF(T24>=7,"Fail +ve",IF(U24>=7,"Fail -ve","Pass"))) -> Pass | AD24: =IF(H24="","",IF(H24>N24,"No","Yes")) -> Yes
B25: 20 | E25: 27 | F25: 27.13 | G25: =IF(AND(E25="",F25=""),NA(),AVERAGE(E25:F25)) -> 27.065 | H25: =IF(AND(E25="",F25=""),NA(),ABS(E25-F25)) -> 0.13 | I25: ='Plot Data'!$C$67 -> 23.433969 | J25: ='Plot Data'!$C$65 -> 23.539767 | K25: ='Plot Data'!$C$58 -> 23.751364 | L25: ='Plot Data'!$C$62 -> 23.96296 | M25: ='Plot Data'!$C$64 -> 24.068759 | N25: ='Plot Data'!$C$68 -> 0.12 | O25: =IF(G25>M25,">+3s",IF(G25<I25,"<-3s","Pass")) -> >+3s | P25: =IF(AND(G25>L25,G24>L24),"Fail > +2s",IF(AND(G25>L25,G23>L23),"Fail > +2s",IF(AND(G25<J25,G24<J24),"Fail < -2s",IF(AND(G25<J25,G23<J23),"Fail < -2s","Pass")))) -> Fail > +2s | Q25: =IF(AND(G25>K25,G24>K25,G23>K25,G22>K25,G21>K25,G20>K25,G19>K25,G18>K25),"Fail +ve bias",IF(AND(G25<K25,G24<K25,G23<K25,G22<K25,G21<K25,G20<K25,G19<K25,G18<K25),"Fail -ve bias","Pass")) -> Fail +ve bias | R25: =IF(AND(G25>G24,G24>G23,G23>G22,G22>G21,G21>G20,G20>G19),"Fail +ve trend",IF(AND(G25<G24,G24<G23,G23<G22,G22<G21,G21<G20,G20<G19),"Fail -ve trend","Pass")) -> Pass | S25: =IF(E25="","",IF(G25>G24,"+",IF(G25<G24,"-",""))) -> + | T25: =IF(OR(R16="Fail -ve trend",R17="Fail -ve trend",R18="Fail -ve trend",R19="Fail -ve trend",R20="Fail -ve trend",R21="Fail -ve trend",R22="Fail -ve trend",R23="Fail -ve trend",R24="Fail -ve trend",R25="Fail -ve trend",R16="Fail +ve trend",R17="Fail +ve trend",R18="Fail +ve trend",R19="Fail +ve trend",R20="Fail +ve trend",R21="Fail +ve trend",R22="Fail +ve trend",R23="Fail +ve trend",R24="Fail +ve trend",R25="Fail +ve trend"),"",COUNTIF(S16:S25,"+")) -> 4 | U25: =IF(OR(R16="Fail -ve trend",R17="Fail -ve trend",R18="Fail -ve trend",R19="Fail -ve trend",R20="Fail -ve trend",R21="Fail -ve trend",R22="Fail -ve trend",R23="Fail -ve trend",R24="Fail -ve trend",R25="Fail -ve trend",R16="Fail +ve trend",R17="Fail +ve trend",R18="Fail +ve trend",R19="Fail +ve trend",R20="Fail +ve trend",R21="Fail +ve trend",R22="Fail +ve trend",R23="Fail +ve trend",R24="Fail +ve trend",R25="Fail +ve trend"),"",COUNTIF(T16:T25,"+")) -> 0 | AA25: =AVERAGE(G20:G25) -> 26.941667 | AB25: =IF(AND(AA25>AA24,AA24>AA23,AA23>AA22,AA22>AA21),"Fail +ve",IF(AND(AA25<AA24,AA24<AA23,AA23<AA22,AA22<AA21),"Fail -ve","Pass")) -> Pass | AC25: =IF(T25="","Pass",IF(T25>=7,"Fail +ve",IF(U25>=7,"Fail -ve","Pass"))) -> Pass | AD25: =IF(H25="","",IF(H25>N25,"No","Yes")) -> No
B26: 21 | E26: 26.88 | F26: 26.9 | G26: =IF(AND(E26="",F26=""),NA(),AVERAGE(E26:F26)) -> 26.89 | H26: =IF(AND(E26="",F26=""),NA(),ABS(E26-F26)) -> 0.02 | I26: ='Plot Data'!$C$67 -> 23.433969 | J26: ='Plot Data'!$C$65 -> 23.539767 | K26: ='Plot Data'!$C$58 -> 23.751364 | L26: ='Plot Data'!$C$62 -> 23.96296 | M26: ='Plot Data'!$C$64 -> 24.068759 | N26: ='Plot Data'!$C$68 -> 0.12 | O26: =IF(G26>M26,">+3s",IF(G26<I26,"<-3s","Pass")) -> >+3s | P26: =IF(AND(G26>L26,G25>L25),"Fail > +2s",IF(AND(G26>L26,G24>L24),"Fail > +2s",IF(AND(G26<J26,G25<J25),"Fail < -2s",IF(AND(G26<J26,G24<J24),"Fail < -2s","Pass")))) -> Fail > +2s | Q26: =IF(AND(G26>K26,G25>K26,G24>K26,G23>K26,G22>K26,G21>K26,G20>K26,G19>K26),"Fail +ve bias",IF(AND(G26<K26,G25<K26,G24<K26,G23<K26,G22<K26,G21<K26,G20<K26,G19<K26),"Fail -ve bias","Pass")) -> Fail +ve bias | R26: =IF(AND(G26>G25,G25>G24,G24>G23,G23>G22,G22>G21,G21>G20),"Fail +ve trend",IF(AND(G26<G25,G25<G24,G24<G23,G23<G22,G22<G21,G21<G20),"Fail -ve trend","Pass")) -> Pass | S26: =IF(E26="","",IF(G26>G25,"+",IF(G26<G25,"-",""))) -> - | T26: =IF(OR(R17="Fail -ve trend",R18="Fail -ve trend",R19="Fail -ve trend",R20="Fail -ve trend",R21="Fail -ve trend",R22="Fail -ve trend",R23="Fail -ve trend",R24="Fail -ve trend",R25="Fail -ve trend",R26="Fail -ve trend",R17="Fail +ve trend",R18="Fail +ve trend",R19="Fail +ve trend",R20="Fail +ve trend",R21="Fail +ve trend",R22="Fail +ve trend",R23="Fail +ve trend",R24="Fail +ve trend",R25="Fail +ve trend",R26="Fail +ve trend"),"",COUNTIF(S17:S26,"+")) -> 4 | U26: =IF(OR(R17="Fail -ve trend",R18="Fail -ve trend",R19="Fail -ve trend",R20="Fail -ve trend",R21="Fail -ve trend",R22="Fail -ve trend",R23="Fail -ve trend",R24="Fail -ve trend",R25="Fail -ve trend",R26="Fail -ve trend",R17="Fail +ve trend",R18="Fail +ve trend",R19="Fail +ve trend",R20="Fail +ve trend",R21="Fail +ve trend",R22="Fail +ve trend",R23="Fail +ve trend",R24="Fail +ve trend",R25="Fail +ve trend",R26="Fail +ve trend"),"",COUNTIF(T17:T26,"+")) -> 0 | AA26: =AVERAGE(G21:G26) -> 26.92 | AB26: =IF(AND(AA26>AA25,AA25>AA24,AA24>AA23,AA23>AA22),"Fail +ve",IF(AND(AA26<AA25,AA25<AA24,AA24<AA23,AA23<AA22),"Fail -ve","Pass")) -> Pass | AC26: =IF(T26="","Pass",IF(T26>=7,"Fail +ve",IF(U26>=7,"Fail -ve","Pass"))) -> Pass | AD26: =IF(H26="","",IF(H26>N26,"No","Yes")) -> Yes
B27: 22 | E27: 26.75 | F27: 26.77 | G27: =IF(AND(E27="",F27=""),NA(),AVERAGE(E27:F27)) -> 26.76 | H27: =IF(AND(E27="",F27=""),NA(),ABS(E27-F27)) -> 0.02 | I27: ='Plot Data'!$C$67 -> 23.433969 | J27: ='Plot Data'!$C$65 -> 23.539767 | K27: ='Plot Data'!$C$58 -> 23.751364 | L27: ='Plot Data'!$C$62 -> 23.96296 | M27: ='Plot Data'!$C$64 -> 24.068759 | N27: ='Plot Data'!$C$68 -> 0.12 | O27: =IF(G27>M27,">+3s",IF(G27<I27,"<-3s","Pass")) -> >+3s | P27: =IF(AND(G27>L27,G26>L26),"Fail > +2s",IF(AND(G27>L27,G25>L25),"Fail > +2s",IF(AND(G27<J27,G26<J26),"Fail < -2s",IF(AND(G27<J27,G25<J25),"Fail < -2s","Pass")))) -> Fail > +2s | Q27: =IF(AND(G27>K27,G26>K27,G25>K27,G24>K27,G23>K27,G22>K27,G21>K27,G20>K27),"Fail +ve bias",IF(AND(G27<K27,G26<K27,G25<K27,G24<K27,G23<K27,G22<K27,G21<K27,G20<K27),"Fail -ve bias","Pass")) -> Fail +ve bias | R27: =IF(AND(G27>G26,G26>G25,G25>G24,G24>G23,G23>G22,G22>G21),"Fail +ve trend",IF(AND(G27<G26,G26<G25,G25<G24,G24<G23,G23<G22,G22<G21),"Fail -ve trend","Pass")) -> Pass | S27: =IF(E27="","",IF(G27>G26,"+",IF(G27<G26,"-",""))) -> - | T27: =IF(OR(R18="Fail -ve trend",R19="Fail -ve trend",R20="Fail -ve trend",R21="Fail -ve trend",R22="Fail -ve trend",R23="Fail -ve trend",R24="Fail -ve trend",R25="Fail -ve trend",R26="Fail -ve trend",R27="Fail -ve trend",R18="Fail +ve trend",R19="Fail +ve trend",R20="Fail +ve trend",R21="Fail +ve trend",R22="Fail +ve trend",R23="Fail +ve trend",R24="Fail +ve trend",R25="Fail +ve trend",R26="Fail +ve trend",R27="Fail +ve trend"),"",COUNTIF(S18:S27,"+")) -> 4 | U27: =IF(OR(R18="Fail -ve trend",R19="Fail -ve trend",R20="Fail -ve trend",R21="Fail -ve trend",R22="Fail -ve trend",R23="Fail -ve trend",R24="Fail -ve trend",R25="Fail -ve trend",R26="Fail -ve trend",R27="Fail -ve trend",R18="Fail +ve trend",R19="Fail +ve trend",R20="Fail +ve trend",R21="Fail +ve trend",R22="Fail +ve trend",R23="Fail +ve trend",R24="Fail +ve trend",R25="Fail +ve trend",R26="Fail +ve trend",R27="Fail +ve trend"),"",COUNTIF(T18:T27,"+")) -> 0 | AA27: =AVERAGE(G22:G27) -> 26.895 | AB27: =IF(AND(AA27>AA26,AA26>AA25,AA25>AA24,AA24>AA23),"Fail +ve",IF(AND(AA27<AA26,AA26<AA25,AA25<AA24,AA24<AA23),"Fail -ve","Pass")) -> Pass | AC27: =IF(T27="","Pass",IF(T27>=7,"Fail +ve",IF(U27>=7,"Fail -ve","Pass"))) -> Pass | AD27: =IF(H27="","",IF(H27>N27,"No","Yes")) -> Yes
B28: 23 | E28: 27.2 | F28: 27.26 | G28: =IF(AND(E28="",F28=""),NA(),AVERAGE(E28:F28)) -> 27.23 | H28: =IF(AND(E28="",F28=""),NA(),ABS(E28-F28)) -> 0.06 | I28: ='Plot Data'!$C$67 -> 23.433969 | J28: ='Plot Data'!$C$65 -> 23.539767 | K28: ='Plot Data'!$C$58 -> 23.751364 | L28: ='Plot Data'!$C$62 -> 23.96296 | M28: ='Plot Data'!$C$64 -> 24.068759 | N28: ='Plot Data'!$C$68 -> 0.12 | O28: =IF(G28>M28,">+3s",IF(G28<I28,"<-3s","Pass")) -> >+3s | P28: =IF(AND(G28>L28,G27>L27),"Fail > +2s",IF(AND(G28>L28,G26>L26),"Fail > +2s",IF(AND(G28<J28,G27<J27),"Fail < -2s",IF(AND(G28<J28,G26<J26),"Fail < -2s","Pass")))) -> Fail > +2s | Q28: =IF(AND(G28>K28,G27>K28,G26>K28,G25>K28,G24>K28,G23>K28,G22>K28,G21>K28),"Fail +ve bias",IF(AND(G28<K28,G27<K28,G26<K28,G25<K28,G24<K28,G23<K28,G22<K28,G21<K28),"Fail -ve bias","Pass")) -> Fail +ve bias | R28: =IF(AND(G28>G27,G27>G26,G26>G25,G25>G24,G24>G23,G23>G22),"Fail +ve trend",IF(AND(G28<G27,G27<G26,G26<G25,G25<G24,G24<G23,G23<G22),"Fail -ve trend","Pass")) -> Pass | S28: =IF(E28="","",IF(G28>G27,"+",IF(G28<G27,"-",""))) -> + | T28: =IF(OR(R19="Fail -ve trend",R20="Fail -ve trend",R21="Fail -ve trend",R22="Fail -ve trend",R23="Fail -ve trend",R24="Fail -ve trend",R25="Fail -ve trend",R26="Fail -ve trend",R27="Fail -ve trend",R28="Fail -ve trend",R19="Fail +ve trend",R20="Fail +ve trend",R21="Fail +ve trend",R22="Fail +ve trend",R23="Fail +ve trend",R24="Fail +ve trend",R25="Fail +ve trend",R26="Fail +ve trend",R27="Fail +ve trend",R28="Fail +ve trend"),"",COUNTIF(S19:S28,"+")) -> 5 | U28: =IF(OR(R19="Fail -ve trend",R20="Fail -ve trend",R21="Fail -ve trend",R22="Fail -ve trend",R23="Fail -ve trend",R24="Fail -ve trend",R25="Fail -ve trend",R26="Fail -ve trend",R27="Fail -ve trend",R28="Fail -ve trend",R19="Fail +ve trend",R20="Fail +ve trend",R21="Fail +ve trend",R22="Fail +ve trend",R23="Fail +ve trend",R24="Fail +ve trend",R25="Fail +ve trend",R26="Fail +ve trend",R27="Fail +ve trend",R28="Fail +ve trend"),"",COUNTIF(T19:T28,"+")) -> 0 | AA28: =AVERAGE(G23:G28) -> 26.945 | AB28: =IF(AND(AA28>AA27,AA27>AA26,AA26>AA25,AA25>AA24),"Fail +ve",IF(AND(AA28<AA27,AA27<AA26,AA26<AA25,AA25<AA24),"Fail -ve","Pass")) -> Pass | AC28: =IF(T28="","Pass",IF(T28>=7,"Fail +ve",IF(U28>=7,"Fail -ve","Pass"))) -> Pass | AD28: =IF(H28="","",IF(H28>N28,"No","Yes")) -> Yes
B29: 24 | E29: 27 | F29: 27.1 | G29: =IF(AND(E29="",F29=""),NA(),AVERAGE(E29:F29)) -> 27.05 | H29: =IF(AND(E29="",F29=""),NA(),ABS(E29-F29)) -> 0.1 | I29: ='Plot Data'!$C$67 -> 23.433969 | J29: ='Plot Data'!$C$65 -> 23.539767 | K29: ='Plot Data'!$C$58 -> 23.751364 | L29: ='Plot Data'!$C$62 -> 23.96296 | M29: ='Plot Data'!$C$64 -> 24.068759 | N29: ='Plot Data'!$C$68 -> 0.12 | O29: =IF(G29>M29,">+3s",IF(G29<I29,"<-3s","Pass")) -> >+3s | P29: =IF(AND(G29>L29,G28>L28),"Fail > +2s",IF(AND(G29>L29,G27>L27),"Fail > +2s",IF(AND(G29<J29,G28<J28),"Fail < -2s",IF(AND(G29<J29,G27<J27),"Fail < -2s","Pass")))) -> Fail > +2s | Q29: =IF(AND(G29>K29,G28>K29,G27>K29,G26>K29,G25>K29,G24>K29,G23>K29,G22>K29),"Fail +ve bias",IF(AND(G29<K29,G28<K29,G27<K29,G26<K29,G25<K29,G24<K29,G23<K29,G22<K29),"Fail -ve bias","Pass")) -> Fail +ve bias | R29: =IF(AND(G29>G28,G28>G27,G27>G26,G26>G25,G25>G24,G24>G23),"Fail +ve trend",IF(AND(G29<G28,G28<G27,G27<G26,G26<G25,G25<G24,G24<G23),"Fail -ve trend","Pass")) -> Pass | S29: =IF(E29="","",IF(G29>G28,"+",IF(G29<G28,"-",""))) -> - | T29: =IF(OR(R20="Fail -ve trend",R21="Fail -ve trend",R22="Fail -ve trend",R23="Fail -ve trend",R24="Fail -ve trend",R25="Fail -ve trend",R26="Fail -ve trend",R27="Fail -ve trend",R28="Fail -ve trend",R29="Fail -ve trend",R20="Fail +ve trend",R21="Fail +ve trend",R22="Fail +ve trend",R23="Fail +ve trend",R24="Fail +ve trend",R25="Fail +ve trend",R26="Fail +ve trend",R27="Fail +ve trend",R28="Fail +ve trend",R29="Fail +ve trend"),"",COUNTIF(S20:S29,"+")) -> 4 | U29: =IF(OR(R20="Fail -ve trend",R21="Fail -ve trend",R22="Fail -ve trend",R23="Fail -ve trend",R24="Fail -ve trend",R25="Fail -ve trend",R26="Fail -ve trend",R27="Fail -ve trend",R28="Fail -ve trend",R29="Fail -ve trend",R20="Fail +ve trend",R21="Fail +ve trend",R22="Fail +ve trend",R23="Fail +ve trend",R24="Fail +ve trend",R25="Fail +ve trend",R26="Fail +ve trend",R27="Fail +ve trend",R28="Fail +ve trend",R29="Fail +ve trend"),"",COUNTIF(T20:T29,"+")) -> 0 | AA29: =AVERAGE(G24:G29) -> 26.974167 | AB29: =IF(AND(AA29>AA28,AA28>AA27,AA27>AA26,AA26>AA25),"Fail +ve",IF(AND(AA29<AA28,AA28<AA27,AA27<AA26,AA26<AA25),"Fail -ve","Pass")) -> Pass | AC29: =IF(T29="","Pass",IF(T29>=7,"Fail +ve",IF(U29>=7,"Fail -ve","Pass"))) -> Pass | AD29: =IF(H29="","",IF(H29>N29,"No","Yes")) -> Yes
... B32: 27 | E32: 27.18 | F32: 27.2 | G32: =IF(AND(E32="",F32=""),NA(),AVERAGE(E32:F32)) -> 27.19 | H32: =IF(AND(E32="",F32=""),NA(),ABS(E32-F32)) -> 0.02 | I32: ='Plot Data'!$C$67 -> 23.433969 | J32: ='Plot Data'!$C$65 -> 23.539767 | K32: ='Plot Data'!$C$58 -> 23.751364 | L32: ='Plot Data'!$C$62 -> 23.96296 | M32: ='Plot Data'!$C$64 -> 24.068759 | N32: ='Plot Data'!$C$68 -> 0.12 | O32: =IF(G32>M32,">+3s",IF(G32<I32,"<-3s","Pass")) -> >+3s | P32: =IF(AND(G32>L32,G31>L31),"Fail > +2s",IF(AND(G32>L32,G30>L30),"Fail > +2s",IF(AND(G32<J32,G31<J31),"Fail < -2s",IF(AND(G32<J32,G30<J30),"Fail < -2s","Pass")))) -> Fail > +2s | Q32: =IF(AND(G32>K32,G31>K32,G30>K32,G29>K32,G28>K32,G27>K32,G26>K32,G25>K32),"Fail +ve bias",IF(AND(G32<K32,G31<K32,G30<K32,G29<K32,G28<K32,G27<K32,G26<K32,G25<K32),"Fail -ve bias","Pass")) -> Fail +ve bias | R32: =IF(AND(G32>G31,G31>G30,G30>G29,G29>G28,G28>G27,G27>G26),"Fail +ve trend",IF(AND(G32<G31,G31<G30,G30<G29,G29<G28,G28<G27,G27<G26),"Fail -ve trend","Pass")) -> Pass | S32: =IF(E32="","",IF(G32>G31,"+",IF(G32<G31,"-",""))) | T32: =IF(OR(R23="Fail -ve trend",R24="Fail -ve trend",R25="Fail -ve trend",R26="Fail -ve trend",R27="Fail -ve trend",R28="Fail -ve trend",R29="Fail -ve trend",R30="Fail -ve trend",R31="Fail -ve trend",R32="Fail -ve trend",R23="Fail +ve trend",R24="Fail +ve trend",R25="Fail +ve trend",R26="Fail +ve trend",R27="Fail +ve trend",R28="Fail +ve trend",R29="Fail +ve trend",R30="Fail +ve trend",R31="Fail +ve trend",R32="Fail +ve trend"),"",COUNTIF(S23:S32,"+")) -> 3 | U32: =IF(OR(R23="Fail -ve trend",R24="Fail -ve trend",R25="Fail -ve trend",R26="Fail -ve trend",R27="Fail -ve trend",R28="Fail -ve trend",R29="Fail -ve trend",R30="Fail -ve trend",R31="Fail -ve trend",R32="Fail -ve trend",R23="Fail +ve trend",R24="Fail +ve trend",R25="Fail +ve trend",R26="Fail +ve trend",R27="Fail +ve trend",R28="Fail +ve trend",R29="Fail +ve trend",R30="Fail +ve trend",R31="Fail +ve trend",R32="Fail +ve trend"),"",COUNTIF(T23:T32,"+")) -> 0 | AA32: =AVERAGE(G27:G32) -> 27.101667 | AB32: =IF(AND(AA32>AA31,AA31>AA30,AA30>AA29,AA29>AA28),"Fail +ve",IF(AND(AA32<AA31,AA31<AA30,AA30<AA29,AA29<AA28),"Fail -ve","Pass")) -> Fail +ve | AC32: =IF(T32="","Pass",IF(T32>=7,"Fail +ve",IF(U32>=7,"Fail -ve","Pass"))) -> Pass | AD32: =IF(H32="","",IF(H32>N32,"No","Yes")) -> Yes
B33: 28 | E33: 27.18 | F33: 27.2 | G33: =IF(AND(E33="",F33=""),NA(),AVERAGE(E33:F33)) -> 27.19 | H33: =IF(AND(E33="",F33=""),NA(),ABS(E33-F33)) -> 0.02 | I33: ='Plot Data'!$C$67 -> 23.433969 | J33: ='Plot Data'!$C$65 -> 23.539767 | K33: ='Plot Data'!$C$58 -> 23.751364 | L33: ='Plot Data'!$C$62 -> 23.96296 | M33: ='Plot Data'!$C$64 -> 24.068759 | N33: ='Plot Data'!$C$68 -> 0.12 | O33: =IF(G33>M33,">+3s",IF(G33<I33,"<-3s","Pass")) -> >+3s | P33: =IF(AND(G33>L33,G32>L32),"Fail > +2s",IF(AND(G33>L33,G31>L31),"Fail > +2s",IF(AND(G33<J33,G32<J32),"Fail < -2s",IF(AND(G33<J33,G31<J31),"Fail < -2s","Pass")))) -> Fail > +2s | Q33: =IF(AND(G33>K33,G32>K33,G31>K33,G30>K33,G29>K33,G28>K33,G27>K33,G26>K33),"Fail +ve bias",IF(AND(G33<K33,G32<K33,G31<K33,G30<K33,G29<K33,G28<K33,G27<K33,G26<K33),"Fail -ve bias","Pass")) -> Fail +ve bias | R33: =IF(AND(G33>G32,G32>G31,G31>G30,G30>G29,G29>G28,G28>G27),"Fail +ve trend",IF(AND(G33<G32,G32<G31,G31<G30,G30<G29,G29<G28,G28<G27),"Fail -ve trend","Pass")) -> Pass | S33: =IF(E33="","",IF(G33>G32,"+",IF(G33<G32,"-",""))) | T33: =IF(OR(R24="Fail -ve trend",R25="Fail -ve trend",R26="Fail -ve trend",R27="Fail -ve trend",R28="Fail -ve trend",R29="Fail -ve trend",R30="Fail -ve trend",R31="Fail -ve trend",R32="Fail -ve trend",R33="Fail -ve trend",R24="Fail +ve trend",R25="Fail +ve trend",R26="Fail +ve trend",R27="Fail +ve trend",R28="Fail +ve trend",R29="Fail +ve trend",R30="Fail +ve trend",R31="Fail +ve trend",R32="Fail +ve trend",R33="Fail +ve trend"),"",COUNTIF(S24:S33,"+")) -> 3 | U33: =IF(OR(R24="Fail -ve trend",R25="Fail -ve trend",R26="Fail -ve trend",R27="Fail -ve trend",R28="Fail -ve trend",R29="Fail -ve trend",R30="Fail -ve trend",R31="Fail -ve trend",R32="Fail -ve trend",R33="Fail -ve trend",R24="Fail +ve trend",R25="Fail +ve trend",R26="Fail +ve trend",R27="Fail +ve trend",R28="Fail +ve trend",R29="Fail +ve trend",R30="Fail +ve trend",R31="Fail +ve trend",R32="Fail +ve trend",R33="Fail +ve trend"),"",COUNTIF(T24:T33,"+")) -> 0 | AA33: =AVERAGE(G28:G33) -> 27.173333 | AB33: =IF(AND(AA33>AA32,AA32>AA31,AA31>AA30,AA30>AA29),"Fail +ve",IF(AND(AA33<AA32,AA32<AA31,AA31<AA30,AA30<AA29),"Fail -ve","Pass")) -> Fail +ve | AC33: =IF(T33="","Pass",IF(T33>=7,"Fail +ve",IF(U33>=7,"Fail -ve","Pass"))) -> Pass | AD33: =IF(H33="","",IF(H33>N33,"No","Yes")) -> Yes | AF33: Range | AH33: =AH5 -> Calorific Value | AK33: Instrument | AN33: =AN5 -> IMP-CAL-01
B34: 29 | E34: 27.18 | F34: 27.2 | G34: =IF(AND(E34="",F34=""),NA(),AVERAGE(E34:F34)) -> 27.19 | H34: =IF(AND(E34="",F34=""),NA(),ABS(E34-F34)) -> 0.02 | I34: ='Plot Data'!$C$67 -> 23.433969 | J34: ='Plot Data'!$C$65 -> 23.539767 | K34: ='Plot Data'!$C$58 -> 23.751364 | L34: ='Plot Data'!$C$62 -> 23.96296 | M34: ='Plot Data'!$C$64 -> 24.068759 | N34: ='Plot Data'!$C$68 -> 0.12 | O34: =IF(G34>M34,">+3s",IF(G34<I34,"<-3s","Pass")) -> >+3s | P34: =IF(AND(G34>L34,G33>L33),"Fail > +2s",IF(AND(G34>L34,G32>L32),"Fail > +2s",IF(AND(G34<J34,G33<J33),"Fail < -2s",IF(AND(G34<J34,G32<J32),"Fail < -2s","Pass")))) -> Fail > +2s | Q34: =IF(AND(G34>K34,G33>K34,G32>K34,G31>K34,G30>K34,G29>K34,G28>K34,G27>K34),"Fail +ve bias",IF(AND(G34<K34,G33<K34,G32<K34,G31<K34,G30<K34,G29<K34,G28<K34,G27<K34),"Fail -ve bias","Pass")) -> Fail +ve bias | R34: =IF(AND(G34>G33,G33>G32,G32>G31,G31>G30,G30>G29,G29>G28),"Fail +ve trend",IF(AND(G34<G33,G33<G32,G32<G31,G31<G30,G30<G29,G29<G28),"Fail -ve trend","Pass")) -> Pass | S34: =IF(E34="","",IF(G34>G33,"+",IF(G34<G33,"-",""))) | T34: =IF(OR(R25="Fail -ve trend",R26="Fail -ve trend",R27="Fail -ve trend",R28="Fail -ve trend",R29="Fail -ve trend",R30="Fail -ve trend",R31="Fail -ve trend",R32="Fail -ve trend",R33="Fail -ve trend",R34="Fail -ve trend",R25="Fail +ve trend",R26="Fail +ve trend",R27="Fail +ve trend",R28="Fail +ve trend",R29="Fail +ve trend",R30="Fail +ve trend",R31="Fail +ve trend",R32="Fail +ve trend",R33="Fail +ve trend",R34="Fail +ve trend"),"",COUNTIF(S25:S34,"+")) -> 3 | U34: =IF(OR(R25="Fail -ve trend",R26="Fail -ve trend",R27="Fail -ve trend",R28="Fail -ve trend",R29="Fail -ve trend",R30="Fail -ve trend",R31="Fail -ve trend",R32="Fail -ve trend",R33="Fail -ve trend",R34="Fail -ve trend",R25="Fail +ve trend",R26="Fail +ve trend",R27="Fail +ve trend",R28="Fail +ve trend",R29="Fail +ve trend",R30="Fail +ve trend",R31="Fail +ve trend",R32="Fail +ve trend",R33="Fail +ve trend",R34="Fail +ve trend"),"",COUNTIF(T25:T34,"+")) -> 0 | AA34: =AVERAGE(G29:G34) -> 27.166667 | AB34: =IF(AND(AA34>AA33,AA33>AA32,AA32>AA31,AA31>AA30),"Fail +ve",IF(AND(AA34<AA33,AA33<AA32,AA32<AA31,AA31<AA30),"Fail -ve","Pass")) -> Pass | AC34: =IF(T34="","Pass",IF(T34>=7,"Fail +ve",IF(U34>=7,"Fail -ve","Pass"))) -> Pass | AD34: =IF(H34="","",IF(H34>N34,"No","Yes")) -> Yes
B35: 30 | E35: 27.18 | F35: 27.2 | G35: =IF(AND(E35="",F35=""),NA(),AVERAGE(E35:F35)) -> 27.19 | H35: =IF(AND(E35="",F35=""),NA(),ABS(E35-F35)) -> 0.02 | I35: ='Plot Data'!$C$67 -> 23.433969 | J35: ='Plot Data'!$C$65 -> 23.539767 | K35: ='Plot Data'!$C$58 -> 23.751364 | L35: ='Plot Data'!$C$62 -> 23.96296 | M35: ='Plot Data'!$C$64 -> 24.068759 | N35: ='Plot Data'!$C$68 -> 0.12 | O35: =IF(G35>M35,">+3s",IF(G35<I35,"<-3s","Pass")) -> >+3s | P35: =IF(AND(G35>L35,G34>L34),"Fail > +2s",IF(AND(G35>L35,G33>L33),"Fail > +2s",IF(AND(G35<J35,G34<J34),"Fail < -2s",IF(AND(G35<J35,G33<J33),"Fail < -2s","Pass")))) -> Fail > +2s | Q35: =IF(AND(G35>K35,G34>K35,G33>K35,G32>K35,G31>K35,G30>K35,G29>K35,G28>K35),"Fail +ve bias",IF(AND(G35<K35,G34<K35,G33<K35,G32<K35,G31<K35,G30<K35,G29<K35,G28<K35),"Fail -ve bias","Pass")) -> Fail +ve bias | R35: =IF(AND(G35>G34,G34>G33,G33>G32,G32>G31,G31>G30,G30>G29),"Fail +ve trend",IF(AND(G35<G34,G34<G33,G33<G32,G32<G31,G31<G30,G30<G29),"Fail -ve trend","Pass")) -> Pass | S35: =IF(E35="","",IF(G35>G34,"+",IF(G35<G34,"-",""))) | T35: =IF(OR(R26="Fail -ve trend",R27="Fail -ve trend",R28="Fail -ve trend",R29="Fail -ve trend",R30="Fail -ve trend",R31="Fail -ve trend",R32="Fail -ve trend",R33="Fail -ve trend",R34="Fail -ve trend",R35="Fail -ve trend",R26="Fail +ve trend",R27="Fail +ve trend",R28="Fail +ve trend",R29="Fail +ve trend",R30="Fail +ve trend",R31="Fail +ve trend",R32="Fail +ve trend",R33="Fail +ve trend",R34="Fail +ve trend",R35="Fail +ve trend"),"",COUNTIF(S26:S35,"+")) -> 2 | U35: =IF(OR(R26="Fail -ve trend",R27="Fail -ve trend",R28="Fail -ve trend",R29="Fail -ve trend",R30="Fail -ve trend",R31="Fail -ve trend",R32="Fail -ve trend",R33="Fail -ve trend",R34="Fail -ve trend",R35="Fail -ve trend",R26="Fail +ve trend",R27="Fail +ve trend",R28="Fail +ve trend",R29="Fail +ve trend",R30="Fail +ve trend",R31="Fail +ve trend",R32="Fail +ve trend",R33="Fail +ve trend",R34="Fail +ve trend",R35="Fail +ve trend"),"",COUNTIF(T26:T35,"+")) -> 0 | AA35: =AVERAGE(G30:G35) -> 27.19 | AB35: =IF(AND(AA35>AA34,AA34>AA33,AA33>AA32,AA32>AA31),"Fail +ve",IF(AND(AA35<AA34,AA34<AA33,AA33<AA32,AA32<AA31),"Fail -ve","Pass")) -> Pass | AC35: =IF(T35="","Pass",IF(T35>=7,"Fail +ve",IF(U35>=7,"Fail -ve","Pass"))) -> Pass | AD35: =IF(H35="","",IF(H35>N35,"No","Yes")) -> Yes | AF35: CRM | AH35: =AH6 -> 034 | AK35: Dates | AN35: =AN6 -> 37212 | AO35: to | AP35: =AP6 -> 39038
B36: 31 | E36: 27.18 | F36: 27.2 | G36: =IF(AND(E36="",F36=""),NA(),AVERAGE(E36:F36)) -> 27.19 | H36: =IF(AND(E36="",F36=""),NA(),ABS(E36-F36)) -> 0.02 | I36: ='Plot Data'!$C$67 -> 23.433969 | J36: ='Plot Data'!$C$65 -> 23.539767 | K36: ='Plot Data'!$C$58 -> 23.751364 | L36: ='Plot Data'!$C$62 -> 23.96296 | M36: ='Plot Data'!$C$64 -> 24.068759 | N36: ='Plot Data'!$C$68 -> 0.12 | O36: =IF(G36>M36,">+3s",IF(G36<I36,"<-3s","Pass")) -> >+3s | P36: =IF(AND(G36>L36,G35>L35),"Fail > +2s",IF(AND(G36>L36,G34>L34),"Fail > +2s",IF(AND(G36<J36,G35<J35),"Fail < -2s",IF(AND(G36<J36,G34<J34),"Fail < -2s","Pass")))) -> Fail > +2s | Q36: =IF(AND(G36>K36,G35>K36,G34>K36,G33>K36,G32>K36,G31>K36,G30>K36,G29>K36),"Fail +ve bias",IF(AND(G36<K36,G35<K36,G34<K36,G33<K36,G32<K36,G31<K36,G30<K36,G29<K36),"Fail -ve bias","Pass")) -> Fail +ve bias | R36: =IF(AND(G36>G35,G35>G34,G34>G33,G33>G32,G32>G31,G31>G30),"Fail +ve trend",IF(AND(G36<G35,G35<G34,G34<G33,G33<G32,G32<G31,G31<G30),"Fail -ve trend","Pass")) -> Pass | S36: =IF(E36="","",IF(G36>G35,"+",IF(G36<G35,"-",""))) | T36: =IF(OR(R27="Fail -ve trend",R28="Fail -ve trend",R29="Fail -ve trend",R30="Fail -ve trend",R31="Fail -ve trend",R32="Fail -ve trend",R33="Fail -ve trend",R34="Fail -ve trend",R35="Fail -ve trend",R36="Fail -ve trend",R27="Fail +ve trend",R28="Fail +ve trend",R29="Fail +ve trend",R30="Fail +ve trend",R31="Fail +ve trend",R32="Fail +ve trend",R33="Fail +ve trend",R34="Fail +ve trend",R35="Fail +ve trend",R36="Fail +ve trend"),"",COUNTIF(S27:S36,"+")) -> 2 | U36: =IF(OR(R27="Fail -ve trend",R28="Fail -ve trend",R29="Fail -ve trend",R30="Fail -ve trend",R31="Fail -ve trend",R32="Fail -ve trend",R33="Fail -ve trend",R34="Fail -ve trend",R35="Fail -ve trend",R36="Fail -ve trend",R27="Fail +ve trend",R28="Fail +ve trend",R29="Fail +ve trend",R30="Fail +ve trend",R31="Fail +ve trend",R32="Fail +ve trend",R33="Fail +ve trend",R34="Fail +ve trend",R35="Fail +ve trend",R36="Fail +ve trend"),"",COUNTIF(T27:T36,"+")) -> 0 | AA36: =AVERAGE(G31:G36) -> 27.19 | AB36: =IF(AND(AA36>AA35,AA35>AA34,AA34>AA33,AA33>AA32),"Fail +ve",IF(AND(AA36<AA35,AA35<AA34,AA34<AA33,AA33<AA32),"Fail -ve","Pass")) -> Pass | AC36: =IF(T36="","Pass",IF(T36>=7,"Fail +ve",IF(U36>=7,"Fail -ve","Pass"))) -> Pass | AD36: =IF(H36="","",IF(H36>N36,"No","Yes")) -> Yes
B37: 32 | E37: 27.18 | F37: 27.2 | G37: =IF(AND(E37="",F37=""),NA(),AVERAGE(E37:F37)) -> 27.19 | H37: =IF(AND(E37="",F37=""),NA(),ABS(E37-F37)) -> 0.02 | I37: ='Plot Data'!$C$67 -> 23.433969 | J37: ='Plot Data'!$C$65 -> 23.539767 | K37: ='Plot Data'!$C$58 -> 23.751364 | L37: ='Plot Data'!$C$62 -> 23.96296 | M37: ='Plot Data'!$C$64 -> 24.068759 | N37: ='Plot Data'!$C$68 -> 0.12 | O37: =IF(G37>M37,">+3s",IF(G37<I37,"<-3s","Pass")) -> >+3s | P37: =IF(AND(G37>L37,G36>L36),"Fail > +2s",IF(AND(G37>L37,G35>L35),"Fail > +2s",IF(AND(G37<J37,G36<J36),"Fail < -2s",IF(AND(G37<J37,G35<J35),"Fail < -2s","Pass")))) -> Fail > +2s | Q37: =IF(AND(G37>K37,G36>K37,G35>K37,G34>K37,G33>K37,G32>K37,G31>K37,G30>K37),"Fail +ve bias",IF(AND(G37<K37,G36<K37,G35<K37,G34<K37,G33<K37,G32<K37,G31<K37,G30<K37),"Fail -ve bias","Pass")) -> Fail +ve bias | R37: =IF(AND(G37>G36,G36>G35,G35>G34,G34>G33,G33>G32,G32>G31),"Fail +ve trend",IF(AND(G37<G36,G36<G35,G35<G34,G34<G33,G33<G32,G32<G31),"Fail -ve trend","Pass")) -> Pass | S37: =IF(E37="","",IF(G37>G36,"+",IF(G37<G36,"-",""))) | T37: =IF(OR(R28="Fail -ve trend",R29="Fail -ve trend",R30="Fail -ve trend",R31="Fail -ve trend",R32="Fail -ve trend",R33="Fail -ve trend",R34="Fail -ve trend",R35="Fail -ve trend",R36="Fail -ve trend",R37="Fail -ve trend",R28="Fail +ve trend",R29="Fail +ve trend",R30="Fail +ve trend",R31="Fail +ve trend",R32="Fail +ve trend",R33="Fail +ve trend",R34="Fail +ve trend",R35="Fail +ve trend",R36="Fail +ve trend",R37="Fail +ve trend"),"",COUNTIF(S28:S37,"+")) -> 2 | U37: =IF(OR(R28="Fail -ve trend",R29="Fail -ve trend",R30="Fail -ve trend",R31="Fail -ve trend",R32="Fail -ve trend",R33="Fail -ve trend",R34="Fail -ve trend",R35="Fail -ve trend",R36="Fail -ve trend",R37="Fail -ve trend",R28="Fail +ve trend",R29="Fail +ve trend",R30="Fail +ve trend",R31="Fail +ve trend",R32="Fail +ve trend",R33="Fail +ve trend",R34="Fail +ve trend",R35="Fail +ve trend",R36="Fail +ve trend",R37="Fail +ve trend"),"",COUNTIF(T28:T37,"+")) -> 0 | AA37: =AVERAGE(G32:G37) -> 27.19 | AB37: =IF(AND(AA37>AA36,AA36>AA35,AA35>AA34,AA34>AA33),"Fail +ve",IF(AND(AA37<AA36,AA36<AA35,AA35<AA34,AA34<AA33),"Fail -ve","Pass")) -> Pass | AC37: =IF(T37="","Pass",IF(T37>=7,"Fail +ve",IF(U37>=7,"Fail -ve","Pass"))) -> Pass | AD37: =IF(H37="","",IF(H37>N37,"No","Yes")) -> Yes
B38: 33 | E38: 27.16 | F38: 27.18 | G38: =IF(AND(E38="",F38=""),NA(),AVERAGE(E38:F38)) -> 27.17 | H38: =IF(AND(E38="",F38=""),NA(),ABS(E38-F38)) -> 0.02 | I38: ='Plot Data'!$C$67 -> 23.433969 | J38: ='Plot Data'!$C$65 -> 23.539767 | K38: ='Plot Data'!$C$58 -> 23.751364 | L38: ='Plot Data'!$C$62 -> 23.96296 | M38: ='Plot Data'!$C$64 -> 24.068759 | N38: ='Plot Data'!$C$68 -> 0.12 | O38: =IF(G38>M38,">+3s",IF(G38<I38,"<-3s","Pass")) -> >+3s | P38: =IF(AND(G38>L38,G37>L37),"Fail > +2s",IF(AND(G38>L38,G36>L36),"Fail > +2s",IF(AND(G38<J38,G37<J37),"Fail < -2s",IF(AND(G38<J38,G36<J36),"Fail < -2s","Pass")))) -> Fail > +2s | Q38: =IF(AND(G38>K38,G37>K38,G36>K38,G35>K38,G34>K38,G33>K38,G32>K38,G31>K38),"Fail +ve bias",IF(AND(G38<K38,G37<K38,G36<K38,G35<K38,G34<K38,G33<K38,G32<K38,G31<K38),"Fail -ve bias","Pass")) -> Fail +ve bias | R38: =IF(AND(G38>G37,G37>G36,G36>G35,G35>G34,G34>G33,G33>G32),"Fail +ve trend",IF(AND(G38<G37,G37<G36,G36<G35,G35<G34,G34<G33,G33<G32),"Fail -ve trend","Pass")) -> Pass | S38: =IF(E38="","",IF(G38>G37,"+",IF(G38<G37,"-",""))) -> - | T38: =IF(OR(R29="Fail -ve trend",R30="Fail -ve trend",R31="Fail -ve trend",R32="Fail -ve trend",R33="Fail -ve trend",R34="Fail -ve trend",R35="Fail -ve trend",R36="Fail -ve trend",R37="Fail -ve trend",R38="Fail -ve trend",R29="Fail +ve trend",R30="Fail +ve trend",R31="Fail +ve trend",R32="Fail +ve trend",R33="Fail +ve trend",R34="Fail +ve trend",R35="Fail +ve trend",R36="Fail +ve trend",R37="Fail +ve trend",R38="Fail +ve trend"),"",COUNTIF(S29:S38,"+")) -> 1 | U38: =IF(OR(R29="Fail -ve trend",R30="Fail -ve trend",R31="Fail -ve trend",R32="Fail -ve trend",R33="Fail -ve trend",R34="Fail -ve trend",R35="Fail -ve trend",R36="Fail -ve trend",R37="Fail -ve trend",R38="Fail -ve trend",R29="Fail +ve trend",R30="Fail +ve trend",R31="Fail +ve trend",R32="Fail +ve trend",R33="Fail +ve trend",R34="Fail +ve trend",R35="Fail +ve trend",R36="Fail +ve trend",R37="Fail +ve trend",R38="Fail +ve trend"),"",COUNTIF(T29:T38,"+")) -> 0 | AA38: =AVERAGE(G33:G38) -> 27.186667 | AB38: =IF(AND(AA38>AA37,AA37>AA36,AA36>AA35,AA35>AA34),"Fail +ve",IF(AND(AA38<AA37,AA37<AA36,AA36<AA35,AA35<AA34),"Fail -ve","Pass")) -> Pass | AC38: =IF(T38="","Pass",IF(T38>=7,"Fail +ve",IF(U38>=7,"Fail -ve","Pass"))) -> Pass | AD38: =IF(H38="","",IF(H38>N38,"No","Yes")) -> Yes
B39: 34 | E39: 27.14 | F39: 27.14 | G39: =IF(AND(E39="",F39=""),NA(),AVERAGE(E39:F39)) -> 27.14 | H39: =IF(AND(E39="",F39=""),NA(),ABS(E39-F39)) -> 0 | I39: ='Plot Data'!$C$67 -> 23.433969 | J39: ='Plot Data'!$C$65 -> 23.539767 | K39: ='Plot Data'!$C$58 -> 23.751364 | L39: ='Plot Data'!$C$62 -> 23.96296 | M39: ='Plot Data'!$C$64 -> 24.068759 | N39: ='Plot Data'!$C$68 -> 0.12 | O39: =IF(G39>M39,">+3s",IF(G39<I39,"<-3s","Pass")) -> >+3s | P39: =IF(AND(G39>L39,G38>L38),"Fail > +2s",IF(AND(G39>L39,G37>L37),"Fail > +2s",IF(AND(G39<J39,G38<J38),"Fail < -2s",IF(AND(G39<J39,G37<J37),"Fail < -2s","Pass")))) -> Fail > +2s | Q39: =IF(AND(G39>K39,G38>K39,G37>K39,G36>K39,G35>K39,G34>K39,G33>K39,G32>K39),"Fail +ve bias",IF(AND(G39<K39,G38<K39,G37<K39,G36<K39,G35<K39,G34<K39,G33<K39,G32<K39),"Fail -ve bias","Pass")) -> Fail +ve bias | R39: =IF(AND(G39>G38,G38>G37,G37>G36,G36>G35,G35>G34,G34>G33),"Fail +ve trend",IF(AND(G39<G38,G38<G37,G37<G36,G36<G35,G35<G34,G34<G33),"Fail -ve trend","Pass")) -> Pass | S39: =IF(E39="","",IF(G39>G38,"+",IF(G39<G38,"-",""))) -> - | T39: =IF(OR(R30="Fail -ve trend",R31="Fail -ve trend",R32="Fail -ve trend",R33="Fail -ve trend",R34="Fail -ve trend",R35="Fail -ve trend",R36="Fail -ve trend",R37="Fail -ve trend",R38="Fail -ve trend",R39="Fail -ve trend",R30="Fail +ve trend",R31="Fail +ve trend",R32="Fail +ve trend",R33="Fail +ve trend",R34="Fail +ve trend",R35="Fail +ve trend",R36="Fail +ve trend",R37="Fail +ve trend",R38="Fail +ve trend",R39="Fail +ve trend"),"",COUNTIF(S30:S39,"+")) -> 1 | U39: =IF(OR(R30="Fail -ve trend",R31="Fail -ve trend",R32="Fail -ve trend",R33="Fail -ve trend",R34="Fail -ve trend",R35="Fail -ve trend",R36="Fail -ve trend",R37="Fail -ve trend",R38="Fail -ve trend",R39="Fail -ve trend",R30="Fail +ve trend",R31="Fail +ve trend",R32="Fail +ve trend",R33="Fail +ve trend",R34="Fail +ve trend",R35="Fail +ve trend",R36="Fail +ve trend",R37="Fail +ve trend",R38="Fail +ve trend",R39="Fail +ve trend"),"",COUNTIF(T30:T39,"+")) -> 0 | AA39: =AVERAGE(G34:G39) -> 27.178333 | AB39: =IF(AND(AA39>AA38,AA38>AA37,AA37>AA36,AA36>AA35),"Fail +ve",IF(AND(AA39<AA38,AA38<AA37,AA37<AA36,AA36<AA35),"Fail -ve","Pass")) -> Pass | AC39: =IF(T39="","Pass",IF(T39>=7,"Fail +ve",IF(U39>=7,"Fail -ve","Pass"))) -> Pass | AD39: =IF(H39="","",IF(H39>N39,"No","Yes")) -> Yes
B40: 35 | E40: 27.12 | F40: 27 | G40: =IF(AND(E40="",F40=""),NA(),AVERAGE(E40:F40)) -> 27.06 | H40: =IF(AND(E40="",F40=""),NA(),ABS(E40-F40)) -> 0.12 | I40: ='Plot Data'!$C$67 -> 23.433969 | J40: ='Plot Data'!$C$65 -> 23.539767 | K40: ='Plot Data'!$C$58 -> 23.751364 | L40: ='Plot Data'!$C$62 -> 23.96296 | M40: ='Plot Data'!$C$64 -> 24.068759 | N40: ='Plot Data'!$C$68 -> 0.12 | O40: =IF(G40>M40,">+3s",IF(G40<I40,"<-3s","Pass")) -> >+3s | P40: =IF(AND(G40>L40,G39>L39),"Fail > +2s",IF(AND(G40>L40,G38>L38),"Fail > +2s",IF(AND(G40<J40,G39<J39),"Fail < -2s",IF(AND(G40<J40,G38<J38),"Fail < -2s","Pass")))) -> Fail > +2s | Q40: =IF(AND(G40>K40,G39>K40,G38>K40,G37>K40,G36>K40,G35>K40,G34>K40,G33>K40),"Fail +ve bias",IF(AND(G40<K40,G39<K40,G38<K40,G37<K40,G36<K40,G35<K40,G34<K40,G33<K40),"Fail -ve bias","Pass")) -> Fail +ve bias | R40: =IF(AND(G40>G39,G39>G38,G38>G37,G37>G36,G36>G35,G35>G34),"Fail +ve trend",IF(AND(G40<G39,G39<G38,G38<G37,G37<G36,G36<G35,G35<G34),"Fail -ve trend","Pass")) -> Pass | S40: =IF(E40="","",IF(G40>G39,"+",IF(G40<G39,"-",""))) -> - | T40: =IF(OR(R31="Fail -ve trend",R32="Fail -ve trend",R33="Fail -ve trend",R34="Fail -ve trend",R35="Fail -ve trend",R36="Fail -ve trend",R37="Fail -ve trend",R38="Fail -ve trend",R39="Fail -ve trend",R40="Fail -ve trend",R31="Fail +ve trend",R32="Fail +ve trend",R33="Fail +ve trend",R34="Fail +ve trend",R35="Fail +ve trend",R36="Fail +ve trend",R37="Fail +ve trend",R38="Fail +ve trend",R39="Fail +ve trend",R40="Fail +ve trend"),"",COUNTIF(S31:S40,"+")) -> 0 | U40: =IF(OR(R31="Fail -ve trend",R32="Fail -ve trend",R33="Fail -ve trend",R34="Fail -ve trend",R35="Fail -ve trend",R36="Fail -ve trend",R37="Fail -ve trend",R38="Fail -ve trend",R39="Fail -ve trend",R40="Fail -ve trend",R31="Fail +ve trend",R32="Fail +ve trend",R33="Fail +ve trend",R34="Fail +ve trend",R35="Fail +ve trend",R36="Fail +ve trend",R37="Fail +ve trend",R38="Fail +ve trend",R39="Fail +ve trend",R40="Fail +ve trend"),"",COUNTIF(T31:T40,"+")) -> 0 | AA40: =AVERAGE(G35:G40) -> 27.156667 | AB40: =IF(AND(AA40>AA39,AA39>AA38,AA38>AA37,AA37>AA36),"Fail +ve",IF(AND(AA40<AA39,AA39<AA38,AA38<AA37,AA37<AA36),"Fail -ve","Pass")) -> Pass | AC40: =IF(T40="","Pass",IF(T40>=7,"Fail +ve",IF(U40>=7,"Fail -ve","Pass"))) -> Pass | AD40: =IF(H40="","",IF(H40>N40,"No","Yes")) -> No
B41: 36 | E41: 26.95 | F41: 26.97 | G41: =IF(AND(E41="",F41=""),NA(),AVERAGE(E41:F41)) -> 26.96 | H41: =IF(AND(E41="",F41=""),NA(),ABS(E41-F41)) -> 0.02 | I41: ='Plot Data'!$C$67 -> 23.433969 | J41: ='Plot Data'!$C$65 -> 23.539767 | K41: ='Plot Data'!$C$58 -> 23.751364 | L41: ='Plot Data'!$C$62 -> 23.96296 | M41: ='Plot Data'!$C$64 -> 24.068759 | N41: ='Plot Data'!$C$68 -> 0.12 | O41: =IF(G41>M41,">+3s",IF(G41<I41,"<-3s","Pass")) -> >+3s | P41: =IF(AND(G41>L41,G40>L40),"Fail > +2s",IF(AND(G41>L41,G39>L39),"Fail > +2s",IF(AND(G41<J41,G40<J40),"Fail < -2s",IF(AND(G41<J41,G39<J39),"Fail < -2s","Pass")))) -> Fail > +2s | Q41: =IF(AND(G41>K41,G40>K41,G39>K41,G38>K41,G37>K41,G36>K41,G35>K41,G34>K41),"Fail +ve bias",IF(AND(G41<K41,G40<K41,G39<K41,G38<K41,G37<K41,G36<K41,G35<K41,G34<K41),"Fail -ve bias","Pass")) -> Fail +ve bias | R41: =IF(AND(G41>G40,G40>G39,G39>G38,G38>G37,G37>G36,G36>G35),"Fail +ve trend",IF(AND(G41<G40,G40<G39,G39<G38,G38<G37,G37<G36,G36<G35),"Fail -ve trend","Pass")) -> Pass | S41: =IF(E41="","",IF(G41>G40,"+",IF(G41<G40,"-",""))) -> - | T41: =IF(OR(R32="Fail -ve trend",R33="Fail -ve trend",R34="Fail -ve trend",R35="Fail -ve trend",R36="Fail -ve trend",R37="Fail -ve trend",R38="Fail -ve trend",R39="Fail -ve trend",R40="Fail -ve trend",R41="Fail -ve trend",R32="Fail +ve trend",R33="Fail +ve trend",R34="Fail +ve trend",R35="Fail +ve trend",R36="Fail +ve trend",R37="Fail +ve trend",R38="Fail +ve trend",R39="Fail +ve trend",R40="Fail +ve trend",R41="Fail +ve trend"),"",COUNTIF(S32:S41,"+")) -> 0 | U41: =IF(OR(R32="Fail -ve trend",R33="Fail -ve trend",R34="Fail -ve trend",R35="Fail -ve trend",R36="Fail -ve trend",R37="Fail -ve trend",R38="Fail -ve trend",R39="Fail -ve trend",R40="Fail -ve trend",R41="Fail -ve trend",R32="Fail +ve trend",R33="Fail +ve trend",R34="Fail +ve trend",R35="Fail +ve trend",R36="Fail +ve trend",R37="Fail +ve trend",R38="Fail +ve trend",R39="Fail +ve trend",R40="Fail +ve trend",R41="Fail +ve trend"),"",COUNTIF(T32:T41,"+")) -> 0 | AA41: =AVERAGE(G36:G41) -> 27.118333 | AB41: =IF(AND(AA41>AA40,AA40>AA39,AA39>AA38,AA38>AA37),"Fail +ve",IF(AND(AA41<AA40,AA40<AA39,AA39<AA38,AA38<AA37),"Fail -ve","Pass")) -> Fail -ve | AC41: =IF(T41="","Pass",IF(T41>=7,"Fail +ve",IF(U41>=7,"Fail -ve","Pass"))) -> Pass | AD41: =IF(H41="","",IF(H41>N41,"No","Yes")) -> Yes
B42: 37 | E42: 26.95 | F42: 26.92 | G42: =IF(AND(E42="",F42=""),NA(),AVERAGE(E42:F42)) -> 26.935 | H42: =IF(AND(E42="",F42=""),NA(),ABS(E42-F42)) -> 0.03 | I42: ='Plot Data'!$C$67 -> 23.433969 | J42: ='Plot Data'!$C$65 -> 23.539767 | K42: ='Plot Data'!$C$58 -> 23.751364 | L42: ='Plot Data'!$C$62 -> 23.96296 | M42: ='Plot Data'!$C$64 -> 24.068759 | N42: ='Plot Data'!$C$68 -> 0.12 | O42: =IF(G42>M42,">+3s",IF(G42<I42,"<-3s","Pass")) -> >+3s | P42: =IF(AND(G42>L42,G41>L41),"Fail > +2s",IF(AND(G42>L42,G40>L40),"Fail > +2s",IF(AND(G42<J42,G41<J41),"Fail < -2s",IF(AND(G42<J42,G40<J40),"Fail < -2s","Pass")))) -> Fail > +2s | Q42: =IF(AND(G42>K42,G41>K42,G40>K42,G39>K42,G38>K42,G37>K42,G36>K42,G35>K42),"Fail +ve bias",IF(AND(G42<K42,G41<K42,G40<K42,G39<K42,G38<K42,G37<K42,G36<K42,G35<K42),"Fail -ve bias","Pass")) -> Fail +ve bias | R42: =IF(AND(G42>G41,G41>G40,G40>G39,G39>G38,G38>G37,G37>G36),"Fail +ve trend",IF(AND(G42<G41,G41<G40,G40<G39,G39<G38,G38<G37,G37<G36),"Fail -ve trend","Pass")) -> Pass | S42: =IF(E42="","",IF(G42>G41,"+",IF(G42<G41,"-",""))) -> - | T42: =IF(OR(R33="Fail -ve trend",R34="Fail -ve trend",R35="Fail -ve trend",R36="Fail -ve trend",R37="Fail -ve trend",R38="Fail -ve trend",R39="Fail -ve trend",R40="Fail -ve trend",R41="Fail -ve trend",R42="Fail -ve trend",R33="Fail +ve trend",R34="Fail +ve trend",R35="Fail +ve trend",R36="Fail +ve trend",R37="Fail +ve trend",R38="Fail +ve trend",R39="Fail +ve trend",R40="Fail +ve trend",R41="Fail +ve trend",R42="Fail +ve trend"),"",COUNTIF(S33:S42,"+")) -> 0 | U42: =IF(OR(R33="Fail -ve trend",R34="Fail -ve trend",R35="Fail -ve trend",R36="Fail -ve trend",R37="Fail -ve trend",R38="Fail -ve trend",R39="Fail -ve trend",R40="Fail -ve trend",R41="Fail -ve trend",R42="Fail -ve trend",R33="Fail +ve trend",R34="Fail +ve trend",R35="Fail +ve trend",R36="Fail +ve trend",R37="Fail +ve trend",R38="Fail +ve trend",R39="Fail +ve trend",R40="Fail +ve trend",R41="Fail +ve trend",R42="Fail +ve trend"),"",COUNTIF(T33:T42,"+")) -> 0 | AA42: =AVERAGE(G37:G42) -> 27.075833 | AB42: =IF(AND(AA42>AA41,AA41>AA40,AA40>AA39,AA39>AA38),"Fail +ve",IF(AND(AA42<AA41,AA41<AA40,AA40<AA39,AA39<AA38),"Fail -ve","Pass")) -> Fail -ve | AC42: =IF(T42="","Pass",IF(T42>=7,"Fail +ve",IF(U42>=7,"Fail -ve","Pass"))) -> Pass | AD42: =IF(H42="","",IF(H42>N42,"No","Yes")) -> Yes
B43: 38 | E43: 26.9 | F43: 26.91 | G43: =IF(AND(E43="",F43=""),NA(),AVERAGE(E43:F43)) -> 26.905 | H43: =IF(AND(E43="",F43=""),NA(),ABS(E43-F43)) -> 0.01 | I43: ='Plot Data'!$C$67 -> 23.433969 | J43: ='Plot Data'!$C$65 -> 23.539767 | K43: ='Plot Data'!$C$58 -> 23.751364 | L43: ='Plot Data'!$C$62 -> 23.96296 | M43: ='Plot Data'!$C$64 -> 24.068759 | N43: ='Plot Data'!$C$68 -> 0.12 | O43: =IF(G43>M43,">+3s",IF(G43<I43,"<-3s","Pass")) -> >+3s | P43: =IF(AND(G43>L43,G42>L42),"Fail > +2s",IF(AND(G43>L43,G41>L41),"Fail > +2s",IF(AND(G43<J43,G42<J42),"Fail < -2s",IF(AND(G43<J43,G41<J41),"Fail < -2s","Pass")))) -> Fail > +2s | Q43: =IF(AND(G43>K43,G42>K43,G41>K43,G40>K43,G39>K43,G38>K43,G37>K43,G36>K43),"Fail +ve bias",IF(AND(G43<K43,G42<K43,G41<K43,G40<K43,G39<K43,G38<K43,G37<K43,G36<K43),"Fail -ve bias","Pass")) -> Fail +ve bias | R43: =IF(AND(G43>G42,G42>G41,G41>G40,G40>G39,G39>G38,G38>G37),"Fail +ve trend",IF(AND(G43<G42,G42<G41,G41<G40,G40<G39,G39<G38,G38<G37),"Fail -ve trend","Pass")) -> Fail -ve trend | S43: =IF(E43="","",IF(G43>G42,"+",IF(G43<G42,"-",""))) -> - | T43: =IF(OR(R34="Fail -ve trend",R35="Fail -ve trend",R36="Fail -ve trend",R37="Fail -ve trend",R38="Fail -ve trend",R39="Fail -ve trend",R40="Fail -ve trend",R41="Fail -ve trend",R42="Fail -ve trend",R43="Fail -ve trend",R34="Fail +ve trend",R35="Fail +ve trend",R36="Fail +ve trend",R37="Fail +ve trend",R38="Fail +ve trend",R39="Fail +ve trend",R40="Fail +ve trend",R41="Fail +ve trend",R42="Fail +ve trend",R43="Fail +ve trend"),"",COUNTIF(S34:S43,"+")) | U43: =IF(OR(R34="Fail -ve trend",R35="Fail -ve trend",R36="Fail -ve trend",R37="Fail -ve trend",R38="Fail -ve trend",R39="Fail -ve trend",R40="Fail -ve trend",R41="Fail -ve trend",R42="Fail -ve trend",R43="Fail -ve trend",R34="Fail +ve trend",R35="Fail +ve trend",R36="Fail +ve trend",R37="Fail +ve trend",R38="Fail +ve trend",R39="Fail +ve trend",R40="Fail +ve trend",R41="Fail +ve trend",R42="Fail +ve trend",R43="Fail +ve trend"),"",COUNTIF(T34:T43,"+")) | AA43: =AVERAGE(G38:G43) -> 27.028333 | AB43: =IF(AND(AA43>AA42,AA42>AA41,AA41>AA40,AA40>AA39),"Fail +ve",IF(AND(AA43<AA42,AA42<AA41,AA41<AA40,AA40<AA39),"Fail -ve","Pass")) -> Fail -ve | AC43: =IF(T43="","Pass",IF(T43>=7,"Fail +ve",IF(U43>=7,"Fail -ve","Pass"))) -> Pass | AD43: =IF(H43="","",IF(H43>N43,"No","Yes")) -> Yes
B44: 39 | E44: 26.9 | F44: 26.91 | G44: =IF(AND(E44="",F44=""),NA(),AVERAGE(E44:F44)) -> 26.905 | H44: =IF(AND(E44="",F44=""),NA(),ABS(E44-F44)) -> 0.01 | I44: ='Plot Data'!$C$67 -> 23.433969 | J44: ='Plot Data'!$C$65 -> 23.539767 | K44: ='Plot Data'!$C$58 -> 23.751364 | L44: ='Plot Data'!$C$62 -> 23.96296 | M44: ='Plot Data'!$C$64 -> 24.068759 | N44: ='Plot Data'!$C$68 -> 0.12 | O44: =IF(G44>M44,">+3s",IF(G44<I44,"<-3s","Pass")) -> >+3s | P44: =IF(AND(G44>L44,G43>L43),"Fail > +2s",IF(AND(G44>L44,G42>L42),"Fail > +2s",IF(AND(G44<J44,G43<J43),"Fail < -2s",IF(AND(G44<J44,G42<J42),"Fail < -2s","Pass")))) -> Fail > +2s | Q44: =IF(AND(G44>K44,G43>K44,G42>K44,G41>K44,G40>K44,G39>K44,G38>K44,G37>K44),"Fail +ve bias",IF(AND(G44<K44,G43<K44,G42<K44,G41<K44,G40<K44,G39<K44,G38<K44,G37<K44),"Fail -ve bias","Pass")) -> Fail +ve bias | R44: =IF(AND(G44>G43,G43>G42,G42>G41,G41>G40,G40>G39,G39>G38),"Fail +ve trend",IF(AND(G44<G43,G43<G42,G42<G41,G41<G40,G40<G39,G39<G38),"Fail -ve trend","Pass")) -> Pass | S44: =IF(E44="","",IF(G44>G43,"+",IF(G44<G43,"-",""))) | T44: =IF(OR(R35="Fail -ve trend",R36="Fail -ve trend",R37="Fail -ve trend",R38="Fail -ve trend",R39="Fail -ve trend",R40="Fail -ve trend",R41="Fail -ve trend",R42="Fail -ve trend",R43="Fail -ve trend",R44="Fail -ve trend",R35="Fail +ve trend",R36="Fail +ve trend",R37="Fail +ve trend",R38="Fail +ve trend",R39="Fail +ve trend",R40="Fail +ve trend",R41="Fail +ve trend",R42="Fail +ve trend",R43="Fail +ve trend",R44="Fail +ve trend"),"",COUNTIF(S35:S44,"+")) | U44: =IF(OR(R35="Fail -ve trend",R36="Fail -ve trend",R37="Fail -ve trend",R38="Fail -ve trend",R39="Fail -ve trend",R40="Fail -ve trend",R41="Fail -ve trend",R42="Fail -ve trend",R43="Fail -ve trend",R44="Fail -ve trend",R35="Fail +ve trend",R36="Fail +ve trend",R37="Fail +ve trend",R38="Fail +ve trend",R39="Fail +ve trend",R40="Fail +ve trend",R41="Fail +ve trend",R42="Fail +ve trend",R43="Fail +ve trend",R44="Fail +ve trend"),"",COUNTIF(T35:T44,"+")) | AA44: =AVERAGE(G39:G44) -> 26.984167 | AB44: =IF(AND(AA44>AA43,AA43>AA42,AA42>AA41,AA41>AA40),"Fail +ve",IF(AND(AA44<AA43,AA43<AA42,AA42<AA41,AA41<AA40),"Fail -ve","Pass")) -> Fail -ve | AC44: =IF(T44="","Pass",IF(T44>=7,"Fail +ve",IF(U44>=7,"Fail -ve","Pass"))) -> Pass | AD44: =IF(H44="","",IF(H44>N44,"No","Yes")) -> Yes
B45: 40 | E45: 26.9 | F45: 26.91 | G45: =IF(AND(E45="",F45=""),NA(),AVERAGE(E45:F45)) -> 26.905 | H45: =IF(AND(E45="",F45=""),NA(),ABS(E45-F45)) -> 0.01 | I45: ='Plot Data'!$C$67 -> 23.433969 | J45: ='Plot Data'!$C$65 -> 23.539767 | K45: ='Plot Data'!$C$58 -> 23.751364 | L45: ='Plot Data'!$C$62 -> 23.96296 | M45: ='Plot Data'!$C$64 -> 24.068759 | N45: ='Plot Data'!$C$68 -> 0.12 | O45: =IF(G45>M45,">+3s",IF(G45<I45,"<-3s","Pass")) -> >+3s | P45: =IF(AND(G45>L45,G44>L44),"Fail > +2s",IF(AND(G45>L45,G43>L43),"Fail > +2s",IF(AND(G45<J45,G44<J44),"Fail < -2s",IF(AND(G45<J45,G43<J43),"Fail < -2s","Pass")))) -> Fail > +2s | Q45: =IF(AND(G45>K45,G44>K45,G43>K45,G42>K45,G41>K45,G40>K45,G39>K45,G38>K45),"Fail +ve bias",IF(AND(G45<K45,G44<K45,G43<K45,G42<K45,G41<K45,G40<K45,G39<K45,G38<K45),"Fail -ve bias","Pass")) -> Fail +ve bias | R45: =IF(AND(G45>G44,G44>G43,G43>G42,G42>G41,G41>G40,G40>G39),"Fail +ve trend",IF(AND(G45<G44,G44<G43,G43<G42,G42<G41,G41<G40,G40<G39),"Fail -ve trend","Pass")) -> Pass | S45: =IF(E45="","",IF(G45>G44,"+",IF(G45<G44,"-",""))) | T45: =IF(OR(R36="Fail -ve trend",R37="Fail -ve trend",R38="Fail -ve trend",R39="Fail -ve trend",R40="Fail -ve trend",R41="Fail -ve trend",R42="Fail -ve trend",R43="Fail -ve trend",R44="Fail -ve trend",R45="Fail -ve trend",R36="Fail +ve trend",R37="Fail +ve trend",R38="Fail +ve trend",R39="Fail +ve trend",R40="Fail +ve trend",R41="Fail +ve trend",R42="Fail +ve trend",R43="Fail +ve trend",R44="Fail +ve trend",R45="Fail +ve trend"),"",COUNTIF(S36:S45,"+")) | U45: =IF(OR(R36="Fail -ve trend",R37="Fail -ve trend",R38="Fail -ve trend",R39="Fail -ve trend",R40="Fail -ve trend",R41="Fail -ve trend",R42="Fail -ve trend",R43="Fail -ve trend",R44="Fail -ve trend",R45="Fail -ve trend",R36="Fail +ve trend",R37="Fail +ve trend",R38="Fail +ve trend",R39="Fail +ve trend",R40="Fail +ve trend",R41="Fail +ve trend",R42="Fail +ve trend",R43="Fail +ve trend",R44="Fail +ve trend",R45="Fail +ve trend"),"",COUNTIF(T36:T45,"+")) | AA45: =AVERAGE(G40:G45) -> 26.945 | AB45: =IF(AND(AA45>AA44,AA44>AA43,AA43>AA42,AA42>AA41),"Fail +ve",IF(AND(AA45<AA44,AA44<AA43,AA43<AA42,AA42<AA41),"Fail -ve","Pass")) -> Fail -ve | AC45: =IF(T45="","Pass",IF(T45>=7,"Fail +ve",IF(U45>=7,"Fail -ve","Pass"))) -> Pass | AD45: =IF(H45="","",IF(H45>N45,"No","Yes")) -> Yes
B46: 41 | E46: 26.9 | F46: 26.91 | G46: =IF(AND(E46="",F46=""),NA(),AVERAGE(E46:F46)) -> 26.905 | H46: =IF(AND(E46="",F46=""),NA(),ABS(E46-F46)) -> 0.01 | I46: ='Plot Data'!$C$67 -> 23.433969 | J46: ='Plot Data'!$C$65 -> 23.539767 | K46: ='Plot Data'!$C$58 -> 23.751364 | L46: ='Plot Data'!$C$62 -> 23.96296 | M46: ='Plot Data'!$C$64 -> 24.068759 | N46: ='Plot Data'!$C$68 -> 0.12 | O46: =IF(G46>M46,">+3s",IF(G46<I46,"<-3s","Pass")) -> >+3s | P46: =IF(AND(G46>L46,G45>L45),"Fail > +2s",IF(AND(G46>L46,G44>L44),"Fail > +2s",IF(AND(G46<J46,G45<J45),"Fail < -2s",IF(AND(G46<J46,G44<J44),"Fail < -2s","Pass")))) -> Fail > +2s | Q46: =IF(AND(G46>K46,G45>K46,G44>K46,G43>K46,G42>K46,G41>K46,G40>K46,G39>K46),"Fail +ve bias",IF(AND(G46<K46,G45<K46,G44<K46,G43<K46,G42<K46,G41<K46,G40<K46,G39<K46),"Fail -ve bias","Pass")) -> Fail +ve bias | R46: =IF(AND(G46>G45,G45>G44,G44>G43,G43>G42,G42>G41,G41>G40),"Fail +ve trend",IF(AND(G46<G45,G45<G44,G44<G43,G43<G42,G42<G41,G41<G40),"Fail -ve trend","Pass")) -> Pass | S46: =IF(E46="","",IF(G46>G45,"+",IF(G46<G45,"-",""))) | T46: =IF(OR(R37="Fail -ve trend",R38="Fail -ve trend",R39="Fail -ve trend",R40="Fail -ve trend",R41="Fail -ve trend",R42="Fail -ve trend",R43="Fail -ve trend",R44="Fail -ve trend",R45="Fail -ve trend",R46="Fail -ve trend",R37="Fail +ve trend",R38="Fail +ve trend",R39="Fail +ve trend",R40="Fail +ve trend",R41="Fail +ve trend",R42="Fail +ve trend",R43="Fail +ve trend",R44="Fail +ve trend",R45="Fail +ve trend",R46="Fail +ve trend"),"",COUNTIF(S37:S46,"+")) | U46: =IF(OR(R37="Fail -ve trend",R38="Fail -ve trend",R39="Fail -ve trend",R40="Fail -ve trend",R41="Fail -ve trend",R42="Fail -ve trend",R43="Fail -ve trend",R44="Fail -ve trend",R45="Fail -ve trend",R46="Fail -ve trend",R37="Fail +ve trend",R38="Fail +ve trend",R39="Fail +ve trend",R40="Fail +ve trend",R41="Fail +ve trend",R42="Fail +ve trend",R43="Fail +ve trend",R44="Fail +ve trend",R45="Fail +ve trend",R46="Fail +ve trend"),"",COUNTIF(T37:T46,"+")) | AA46: =AVERAGE(G41:G46) -> 26.919167 | AB46: =IF(AND(AA46>AA45,AA45>AA44,AA44>AA43,AA43>AA42),"Fail +ve",IF(AND(AA46<AA45,AA45<AA44,AA44<AA43,AA43<AA42),"Fail -ve","Pass")) -> Fail -ve | AC46: =IF(T46="","Pass",IF(T46>=7,"Fail +ve",IF(U46>=7,"Fail -ve","Pass"))) -> Pass | AD46: =IF(H46="","",IF(H46>N46,"No","Yes")) -> Yes
B47: 42 | E47: 26.9 | F47: 26.91 | G47: =IF(AND(E47="",F47=""),NA(),AVERAGE(E47:F47)) -> 26.905 | H47: =IF(AND(E47="",F47=""),NA(),ABS(E47-F47)) -> 0.01 | I47: ='Plot Data'!$C$67 -> 23.433969 | J47: ='Plot Data'!$C$65 -> 23.539767 | K47: ='Plot Data'!$C$58 -> 23.751364 | L47: ='Plot Data'!$C$62 -> 23.96296 | M47: ='Plot Data'!$C$64 -> 24.068759 | N47: ='Plot Data'!$C$68 -> 0.12 | O47: =IF(G47>M47,">+3s",IF(G47<I47,"<-3s","Pass")) -> >+3s | P47: =IF(AND(G47>L47,G46>L46),"Fail > +2s",IF(AND(G47>L47,G45>L45),"Fail > +2s",IF(AND(G47<J47,G46<J46),"Fail < -2s",IF(AND(G47<J47,G45<J45),"Fail < -2s","Pass")))) -> Fail > +2s | Q47: =IF(AND(G47>K47,G46>K47,G45>K47,G44>K47,G43>K47,G42>K47,G41>K47,G40>K47),"Fail +ve bias",IF(AND(G47<K47,G46<K47,G45<K47,G44<K47,G43<K47,G42<K47,G41<K47,G40<K47),"Fail -ve bias","Pass")) -> Fail +ve bias | R47: =IF(AND(G47>G46,G46>G45,G45>G44,G44>G43,G43>G42,G42>G41),"Fail +ve trend",IF(AND(G47<G46,G46<G45,G45<G44,G44<G43,G43<G42,G42<G41),"Fail -ve trend","Pass")) -> Pass | S47: =IF(E47="","",IF(G47>G46,"+",IF(G47<G46,"-",""))) | T47: =IF(OR(R38="Fail -ve trend",R39="Fail -ve trend",R40="Fail -ve trend",R41="Fail -ve trend",R42="Fail -ve trend",R43="Fail -ve trend",R44="Fail -ve trend",R45="Fail -ve trend",R46="Fail -ve trend",R47="Fail -ve trend",R38="Fail +ve trend",R39="Fail +ve trend",R40="Fail +ve trend",R41="Fail +ve trend",R42="Fail +ve trend",R43="Fail +ve trend",R44="Fail +ve trend",R45="Fail +ve trend",R46="Fail +ve trend",R47="Fail +ve trend"),"",COUNTIF(S38:S47,"+")) | U47: =IF(OR(R38="Fail -ve trend",R39="Fail -ve trend",R40="Fail -ve trend",R41="Fail -ve trend",R42="Fail -ve trend",R43="Fail -ve trend",R44="Fail -ve trend",R45="Fail -ve trend",R46="Fail -ve trend",R47="Fail -ve trend",R38="Fail +ve trend",R39="Fail +ve trend",R40="Fail +ve trend",R41="Fail +ve trend",R42="Fail +ve trend",R43="Fail +ve trend",R44="Fail +ve trend",R45="Fail +ve trend",R46="Fail +ve trend",R47="Fail +ve trend"),"",COUNTIF(T38:T47,"+")) | AA47: =AVERAGE(G42:G47) -> 26.91 | AB47: =IF(AND(AA47>AA46,AA46>AA45,AA45>AA44,AA44>AA43),"Fail +ve",IF(AND(AA47<AA46,AA46<AA45,AA45<AA44,AA44<AA43),"Fail -ve","Pass")) -> Fail -ve | AC47: =IF(T47="","Pass",IF(T47>=7,"Fail +ve",IF(U47>=7,"Fail -ve","Pass"))) -> Pass | AD47: =IF(H47="","",IF(H47>N47,"No","Yes")) -> Yes
... B50: 45 | E50: 26.9 | F50: 26.91 | G50: =IF(AND(E50="",F50=""),NA(),AVERAGE(E50:F50)) -> 26.905 | H50: =IF(AND(E50="",F50=""),NA(),ABS(E50-F50)) -> 0.01 | I50: ='Plot Data'!$C$67 -> 23.433969 | J50: ='Plot Data'!$C$65 -> 23.539767 | K50: ='Plot Data'!$C$58 -> 23.751364 | L50: ='Plot Data'!$C$62 -> 23.96296 | M50: ='Plot Data'!$C$64 -> 24.068759 | N50: ='Plot Data'!$C$68 -> 0.12 | O50: =IF(G50>M50,">+3s",IF(G50<I50,"<-3s","Pass")) -> >+3s | P50: =IF(AND(G50>L50,G49>L49),"Fail > +2s",IF(AND(G50>L50,G48>L48),"Fail > +2s",IF(AND(G50<J50,G49<J49),"Fail < -2s",IF(AND(G50<J50,G48<J48),"Fail < -2s","Pass")))) -> Fail > +2s | Q50: =IF(AND(G50>K50,G49>K50,G48>K50,G47>K50,G46>K50,G45>K50,G44>K50,G43>K50),"Fail +ve bias",IF(AND(G50<K50,G49<K50,G48<K50,G47<K50,G46<K50,G45<K50,G44<K50,G43<K50),"Fail -ve bias","Pass")) -> Fail +ve bias | R50: =IF(AND(G50>G49,G49>G48,G48>G47,G47>G46,G46>G45,G45>G44),"Fail +ve trend",IF(AND(G50<G49,G49<G48,G48<G47,G47<G46,G46<G45,G45<G44),"Fail -ve trend","Pass")) -> Pass | S50: =IF(E50="","",IF(G50>G49,"+",IF(G50<G49,"-",""))) | T50: =IF(OR(R41="Fail -ve trend",R42="Fail -ve trend",R43="Fail -ve trend",R44="Fail -ve trend",R45="Fail -ve trend",R46="Fail -ve trend",R47="Fail -ve trend",R48="Fail -ve trend",R49="Fail -ve trend",R50="Fail -ve trend",R41="Fail +ve trend",R42="Fail +ve trend",R43="Fail +ve trend",R44="Fail +ve trend",R45="Fail +ve trend",R46="Fail +ve trend",R47="Fail +ve trend",R48="Fail +ve trend",R49="Fail +ve trend",R50="Fail +ve trend"),"",COUNTIF(S41:S50,"+")) | U50: =IF(OR(R41="Fail -ve trend",R42="Fail -ve trend",R43="Fail -ve trend",R44="Fail -ve trend",R45="Fail -ve trend",R46="Fail -ve trend",R47="Fail -ve trend",R48="Fail -ve trend",R49="Fail -ve trend",R50="Fail -ve trend",R41="Fail +ve trend",R42="Fail +ve trend",R43="Fail +ve trend",R44="Fail +ve trend",R45="Fail +ve trend",R46="Fail +ve trend",R47="Fail +ve trend",R48="Fail +ve trend",R49="Fail +ve trend",R50="Fail +ve trend"),"",COUNTIF(T41:T50,"+")) | AA50: =AVERAGE(G45:G50) -> 26.905 | AB50: =IF(AND(AA50>AA49,AA49>AA48,AA48>AA47,AA47>AA46),"Fail +ve",IF(AND(AA50<AA49,AA49<AA48,AA48<AA47,AA47<AA46),"Fail -ve","Pass")) -> Pass | AC50: =IF(T50="","Pass",IF(T50>=7,"Fail +ve",IF(U50>=7,"Fail -ve","Pass"))) -> Pass | AD50: =IF(H50="","",IF(H50>N50,"No","Yes")) -> Yes
B51: 46 | G51: =IF(AND(E51="",F51=""),NA(),AVERAGE(E51:F51)) -> #N/A | H51: =IF(AND(E51="",F51=""),NA(),ABS(E51-F51)) -> #N/A | I51: ='Plot Data'!$C$67 -> 23.433969 | J51: ='Plot Data'!$C$65 -> 23.539767 | K51: ='Plot Data'!$C$58 -> 23.751364 | L51: ='Plot Data'!$C$62 -> 23.96296 | M51: ='Plot Data'!$C$64 -> 24.068759 | N51: ='Plot Data'!$C$68 -> 0.12 | O51: =IF(G51>M51,">+3s",IF(G51<I51,"<-3s","Pass")) -> #N/A | P51: =IF(AND(G51>L51,G50>L50),"Fail > +2s",IF(AND(G51>L51,G49>L49),"Fail > +2s",IF(AND(G51<J51,G50<J50),"Fail < -2s",IF(AND(G51<J51,G49<J49),"Fail < -2s","Pass")))) -> #N/A | Q51: =IF(AND(G51>K51,G50>K51,G49>K51,G48>K51,G47>K51,G46>K51,G45>K51,G44>K51),"Fail +ve bias",IF(AND(G51<K51,G50<K51,G49<K51,G48<K51,G47<K51,G46<K51,G45<K51,G44<K51),"Fail -ve bias","Pass")) -> #N/A | R51: =IF(AND(G51>G50,G50>G49,G49>G48,G48>G47,G47>G46,G46>G45),"Fail +ve trend",IF(AND(G51<G50,G50<G49,G49<G48,G48<G47,G47<G46,G46<G45),"Fail -ve trend","Pass")) -> #N/A | S51: =IF(E51="","",IF(G51>G50,"+",IF(G51<G50,"-",""))) | T51: =IF(OR(R42="Fail -ve trend",R43="Fail -ve trend",R44="Fail -ve trend",R45="Fail -ve trend",R46="Fail -ve trend",R47="Fail -ve trend",R48="Fail -ve trend",R49="Fail -ve trend",R50="Fail -ve trend",R51="Fail -ve trend",R42="Fail +ve trend",R43="Fail +ve trend",R44="Fail +ve trend",R45="Fail +ve trend",R46="Fail +ve trend",R47="Fail +ve trend",R48="Fail +ve trend",R49="Fail +ve trend",R50="Fail +ve trend",R51="Fail +ve trend"),"",COUNTIF(S42:S51,"+")) -> #N/A | U51: =IF(OR(R42="Fail -ve trend",R43="Fail -ve trend",R44="Fail -ve trend",R45="Fail -ve trend",R46="Fail -ve trend",R47="Fail -ve trend",R48="Fail -ve trend",R49="Fail -ve trend",R50="Fail -ve trend",R51="Fail -ve trend",R42="Fail +ve trend",R43="Fail +ve trend",R44="Fail +ve trend",R45="Fail +ve trend",R46="Fail +ve trend",R47="Fail +ve trend",R48="Fail +ve trend",R49="Fail +ve trend",R50="Fail +ve trend",R51="Fail +ve trend"),"",COUNTIF(T42:T51,"+")) -> #N/A | AA51: =AVERAGE(G46:G51) -> #N/A | AB51: =IF(AND(AA51>AA50,AA50>AA49,AA49>AA48,AA48>AA47),"Fail +ve",IF(AND(AA51<AA50,AA50<AA49,AA49<AA48,AA48<AA47),"Fail -ve","Pass")) -> #N/A | AC51: =IF(T51="","Pass",IF(T51>=7,"Fail +ve",IF(U51>=7,"Fail -ve","Pass"))) -> #N/A | AD51: =IF(H51="","",IF(H51>N51,"No","Yes")) -> #N/A
B52: 47 | G52: =IF(AND(E52="",F52=""),NA(),AVERAGE(E52:F52)) -> #N/A | H52: =IF(AND(E52="",F52=""),NA(),ABS(E52-F52)) -> #N/A | I52: ='Plot Data'!$C$67 -> 23.433969 | J52: ='Plot Data'!$C$65 -> 23.539767 | K52: ='Plot Data'!$C$58 -> 23.751364 | L52: ='Plot Data'!$C$62 -> 23.96296 | M52: ='Plot Data'!$C$64 -> 24.068759 | N52: ='Plot Data'!$C$68 -> 0.12 | O52: =IF(G52>M52,">+3s",IF(G52<I52,"<-3s","Pass")) -> #N/A | P52: =IF(AND(G52>L52,G51>L51),"Fail > +2s",IF(AND(G52>L52,G50>L50),"Fail > +2s",IF(AND(G52<J52,G51<J51),"Fail < -2s",IF(AND(G52<J52,G50<J50),"Fail < -2s","Pass")))) -> #N/A | Q52: =IF(AND(G52>K52,G51>K52,G50>K52,G49>K52,G48>K52,G47>K52,G46>K52,G45>K52),"Fail +ve bias",IF(AND(G52<K52,G51<K52,G50<K52,G49<K52,G48<K52,G47<K52,G46<K52,G45<K52),"Fail -ve bias","Pass")) -> #N/A | R52: =IF(AND(G52>G51,G51>G50,G50>G49,G49>G48,G48>G47,G47>G46),"Fail +ve trend",IF(AND(G52<G51,G51<G50,G50<G49,G49<G48,G48<G47,G47<G46),"Fail -ve trend","Pass")) -> #N/A | S52: =IF(E52="","",IF(G52>G51,"+",IF(G52<G51,"-",""))) | T52: =IF(OR(R43="Fail -ve trend",R44="Fail -ve trend",R45="Fail -ve trend",R46="Fail -ve trend",R47="Fail -ve trend",R48="Fail -ve trend",R49="Fail -ve trend",R50="Fail -ve trend",R51="Fail -ve trend",R52="Fail -ve trend",R43="Fail +ve trend",R44="Fail +ve trend",R45="Fail +ve trend",R46="Fail +ve trend",R47="Fail +ve trend",R48="Fail +ve trend",R49="Fail +ve trend",R50="Fail +ve trend",R51="Fail +ve trend",R52="Fail +ve trend"),"",COUNTIF(S43:S52,"+")) -> #N/A | U52: =IF(OR(R43="Fail -ve trend",R44="Fail -ve trend",R45="Fail -ve trend",R46="Fail -ve trend",R47="Fail -ve trend",R48="Fail -ve trend",R49="Fail -ve trend",R50="Fail -ve trend",R51="Fail -ve trend",R52="Fail -ve trend",R43="Fail +ve trend",R44="Fail +ve trend",R45="Fail +ve trend",R46="Fail +ve trend",R47="Fail +ve trend",R48="Fail +ve trend",R49="Fail +ve trend",R50="Fail +ve trend",R51="Fail +ve trend",R52="Fail +ve trend"),"",COUNTIF(T43:T52,"+")) -> #N/A | AA52: =AVERAGE(G47:G52) -> #N/A | AB52: =IF(AND(AA52>AA51,AA51>AA50,AA50>AA49,AA49>AA48),"Fail +ve",IF(AND(AA52<AA51,AA51<AA50,AA50<AA49,AA49<AA48),"Fail -ve","Pass")) -> #N/A | AC52: =IF(T52="","Pass",IF(T52>=7,"Fail +ve",IF(U52>=7,"Fail -ve","Pass"))) -> #N/A | AD52: =IF(H52="","",IF(H52>N52,"No","Yes")) -> #N/A
B53: 48 | G53: =IF(AND(E53="",F53=""),NA(),AVERAGE(E53:F53)) -> #N/A | H53: =IF(AND(E53="",F53=""),NA(),ABS(E53-F53)) -> #N/A | I53: ='Plot Data'!$C$67 -> 23.433969 | J53: ='Plot Data'!$C$65 -> 23.539767 | K53: ='Plot Data'!$C$58 -> 23.751364 | L53: ='Plot Data'!$C$62 -> 23.96296 | M53: ='Plot Data'!$C$64 -> 24.068759 | N53: ='Plot Data'!$C$68 -> 0.12 | O53: =IF(G53>M53,">+3s",IF(G53<I53,"<-3s","Pass")) -> #N/A | P53: =IF(AND(G53>L53,G52>L52),"Fail > +2s",IF(AND(G53>L53,G51>L51),"Fail > +2s",IF(AND(G53<J53,G52<J52),"Fail < -2s",IF(AND(G53<J53,G51<J51),"Fail < -2s","Pass")))) -> #N/A | Q53: =IF(AND(G53>K53,G52>K53,G51>K53,G50>K53,G49>K53,G48>K53,G47>K53,G46>K53),"Fail +ve bias",IF(AND(G53<K53,G52<K53,G51<K53,G50<K53,G49<K53,G48<K53,G47<K53,G46<K53),"Fail -ve bias","Pass")) -> #N/A | R53: =IF(AND(G53>G52,G52>G51,G51>G50,G50>G49,G49>G48,G48>G47),"Fail +ve trend",IF(AND(G53<G52,G52<G51,G51<G50,G50<G49,G49<G48,G48<G47),"Fail -ve trend","Pass")) -> #N/A | S53: =IF(E53="","",IF(G53>G52,"+",IF(G53<G52,"-",""))) | T53: =IF(OR(R44="Fail -ve trend",R45="Fail -ve trend",R46="Fail -ve trend",R47="Fail -ve trend",R48="Fail -ve trend",R49="Fail -ve trend",R50="Fail -ve trend",R51="Fail -ve trend",R52="Fail -ve trend",R53="Fail -ve trend",R44="Fail +ve trend",R45="Fail +ve trend",R46="Fail +ve trend",R47="Fail +ve trend",R48="Fail +ve trend",R49="Fail +ve trend",R50="Fail +ve trend",R51="Fail +ve trend",R52="Fail +ve trend",R53="Fail +ve trend"),"",COUNTIF(S44:S53,"+")) -> #N/A | U53: =IF(OR(R44="Fail -ve trend",R45="Fail -ve trend",R46="Fail -ve trend",R47="Fail -ve trend",R48="Fail -ve trend",R49="Fail -ve trend",R50="Fail -ve trend",R51="Fail -ve trend",R52="Fail -ve trend",R53="Fail -ve trend",R44="Fail +ve trend",R45="Fail +ve trend",R46="Fail +ve trend",R47="Fail +ve trend",R48="Fail +ve trend",R49="Fail +ve trend",R50="Fail +ve trend",R51="Fail +ve trend",R52="Fail +ve trend",R53="Fail +ve trend"),"",COUNTIF(T44:T53,"+")) -> #N/A | AA53: =AVERAGE(G48:G53) -> #N/A | AB53: =IF(AND(AA53>AA52,AA52>AA51,AA51>AA50,AA50>AA49),"Fail +ve",IF(AND(AA53<AA52,AA52<AA51,AA51<AA50,AA50<AA49),"Fail -ve","Pass")) -> #N/A | AC53: =IF(T53="","Pass",IF(T53>=7,"Fail +ve",IF(U53>=7,"Fail -ve","Pass"))) -> #N/A | AD53: =IF(H53="","",IF(H53>N53,"No","Yes")) -> #N/A
B54: 49 | G54: =IF(AND(E54="",F54=""),NA(),AVERAGE(E54:F54)) -> #N/A | H54: =IF(AND(E54="",F54=""),NA(),ABS(E54-F54)) -> #N/A | I54: ='Plot Data'!$C$67 -> 23.433969 | J54: ='Plot Data'!$C$65 -> 23.539767 | K54: ='Plot Data'!$C$58 -> 23.751364 | L54: ='Plot Data'!$C$62 -> 23.96296 | M54: ='Plot Data'!$C$64 -> 24.068759 | N54: ='Plot Data'!$C$68 -> 0.12 | O54: =IF(G54>M54,">+3s",IF(G54<I54,"<-3s","Pass")) -> #N/A | P54: =IF(AND(G54>L54,G53>L53),"Fail > +2s",IF(AND(G54>L54,G52>L52),"Fail > +2s",IF(AND(G54<J54,G53<J53),"Fail < -2s",IF(AND(G54<J54,G52<J52),"Fail < -2s","Pass")))) -> #N/A | Q54: =IF(AND(G54>K54,G53>K54,G52>K54,G51>K54,G50>K54,G49>K54,G48>K54,G47>K54),"Fail +ve bias",IF(AND(G54<K54,G53<K54,G52<K54,G51<K54,G50<K54,G49<K54,G48<K54,G47<K54),"Fail -ve bias","Pass")) -> #N/A | R54: =IF(AND(G54>G53,G53>G52,G52>G51,G51>G50,G50>G49,G49>G48),"Fail +ve trend",IF(AND(G54<G53,G53<G52,G52<G51,G51<G50,G50<G49,G49<G48),"Fail -ve trend","Pass")) -> #N/A | S54: =IF(E54="","",IF(G54>G53,"+",IF(G54<G53,"-",""))) | T54: =IF(OR(R45="Fail -ve trend",R46="Fail -ve trend",R47="Fail -ve trend",R48="Fail -ve trend",R49="Fail -ve trend",R50="Fail -ve trend",R51="Fail -ve trend",R52="Fail -ve trend",R53="Fail -ve trend",R54="Fail -ve trend",R45="Fail +ve trend",R46="Fail +ve trend",R47="Fail +ve trend",R48="Fail +ve trend",R49="Fail +ve trend",R50="Fail +ve trend",R51="Fail +ve trend",R52="Fail +ve trend",R53="Fail +ve trend",R54="Fail +ve trend"),"",COUNTIF(S45:S54,"+")) -> #N/A | U54: =IF(OR(R45="Fail -ve trend",R46="Fail -ve trend",R47="Fail -ve trend",R48="Fail -ve trend",R49="Fail -ve trend",R50="Fail -ve trend",R51="Fail -ve trend",R52="Fail -ve trend",R53="Fail -ve trend",R54="Fail -ve trend",R45="Fail +ve trend",R46="Fail +ve trend",R47="Fail +ve trend",R48="Fail +ve trend",R49="Fail +ve trend",R50="Fail +ve trend",R51="Fail +ve trend",R52="Fail +ve trend",R53="Fail +ve trend",R54="Fail +ve trend"),"",COUNTIF(T45:T54,"+")) -> #N/A | AA54: =AVERAGE(G49:G54) -> #N/A | AB54: =IF(AND(AA54>AA53,AA53>AA52,AA52>AA51,AA51>AA50),"Fail +ve",IF(AND(AA54<AA53,AA53<AA52,AA52<AA51,AA51<AA50),"Fail -ve","Pass")) -> #N/A | AC54: =IF(T54="","Pass",IF(T54>=7,"Fail +ve",IF(U54>=7,"Fail -ve","Pass"))) -> #N/A | AD54: =IF(H54="","",IF(H54>N54,"No","Yes")) -> #N/A
B55: 50 | G55: =IF(AND(E55="",F55=""),NA(),AVERAGE(E55:F55)) -> #N/A | H55: =IF(AND(E55="",F55=""),NA(),ABS(E55-F55)) -> #N/A | I55: ='Plot Data'!$C$67 -> 23.433969 | J55: ='Plot Data'!$C$65 -> 23.539767 | K55: ='Plot Data'!$C$58 -> 23.751364 | L55: ='Plot Data'!$C$62 -> 23.96296 | M55: ='Plot Data'!$C$64 -> 24.068759 | N55: ='Plot Data'!$C$68 -> 0.12 | O55: =IF(G55>M55,">+3s",IF(G55<I55,"<-3s","Pass")) -> #N/A | P55: =IF(AND(G55>L55,G54>L54),"Fail > +2s",IF(AND(G55>L55,G53>L53),"Fail > +2s",IF(AND(G55<J55,G54<J54),"Fail < -2s",IF(AND(G55<J55,G53<J53),"Fail < -2s","Pass")))) -> #N/A | Q55: =IF(AND(G55>K55,G54>K55,G53>K55,G52>K55,G51>K55,G50>K55,G49>K55,G48>K55),"Fail +ve bias",IF(AND(G55<K55,G54<K55,G53<K55,G52<K55,G51<K55,G50<K55,G49<K55,G48<K55),"Fail -ve bias","Pass")) -> #N/A | R55: =IF(AND(G55>G54,G54>G53,G53>G52,G52>G51,G51>G50,G50>G49),"Fail +ve trend",IF(AND(G55<G54,G54<G53,G53<G52,G52<G51,G51<G50,G50<G49),"Fail -ve trend","Pass")) -> #N/A | S55: =IF(E55="","",IF(G55>G54,"+",IF(G55<G54,"-",""))) | T55: =IF(OR(R46="Fail -ve trend",R47="Fail -ve trend",R48="Fail -ve trend",R49="Fail -ve trend",R50="Fail -ve trend",R51="Fail -ve trend",R52="Fail -ve trend",R53="Fail -ve trend",R54="Fail -ve trend",R55="Fail -ve trend",R46="Fail +ve trend",R47="Fail +ve trend",R48="Fail +ve trend",R49="Fail +ve trend",R50="Fail +ve trend",R51="Fail +ve trend",R52="Fail +ve trend",R53="Fail +ve trend",R54="Fail +ve trend",R55="Fail +ve trend"),"",COUNTIF(S46:S55,"+")) -> #N/A | U55: =IF(OR(R46="Fail -ve trend",R47="Fail -ve trend",R48="Fail -ve trend",R49="Fail -ve trend",R50="Fail -ve trend",R51="Fail -ve trend",R52="Fail -ve trend",R53="Fail -ve trend",R54="Fail -ve trend",R55="Fail -ve trend",R46="Fail +ve trend",R47="Fail +ve trend",R48="Fail +ve trend",R49="Fail +ve trend",R50="Fail +ve trend",R51="Fail +ve trend",R52="Fail +ve trend",R53="Fail +ve trend",R54="Fail +ve trend",R55="Fail +ve trend"),"",COUNTIF(T46:T55,"+")) -> #N/A | AA55: =AVERAGE(G50:G55) -> #N/A | AB55: =IF(AND(AA55>AA54,AA54>AA53,AA53>AA52,AA52>AA51),"Fail +ve",IF(AND(AA55<AA54,AA54<AA53,AA53<AA52,AA52<AA51),"Fail -ve","Pass")) -> #N/A | AC55: =IF(T55="","Pass",IF(T55>=7,"Fail +ve",IF(U55>=7,"Fail -ve","Pass"))) -> #N/A | AD55: =IF(H55="","",IF(H55>N55,"No","Yes")) -> #N/A

Sheet Sulphur 1
B2: Total Sulphur | E2: % | H2: Analyser | J2: IMP-SULP-01
B3: CRM | E3: 034 | H3: Dates | I3: =C6 -> 37212 | J3: to | K3: =MAX(C6:C55) -> 39038
B5: Point | C5: Date | D5: Name | E5: Duplicate 1 | F5: Duplicate 2 | G5: Average Result | H5: Range (actual) | I5: -3s | J5: -2s | K5:  | L5: +2s | M5: +3s | N5: Range Limit | O5: Rule 1 | P5: Rule 2 | Q5: Rule 3 | R5: Rule 4 | T5: +ve | U5: -ve | AC5: Rule 5 | AD5: Range OK? | AF5: Control Chart | AH5: =B2 -> Total Sulphur | AK5: Instrument | AN5: =J2 -> IMP-SULP-01
B6: 1 | C6: 37212 | E6: 0.72 | F6: 0.71 | G6: =IF(AND(E6="",F6=""),NA(),AVERAGE(E6:F6)) -> 0.715 | H6: =IF(AND(E6="",F6=""),NA(),ABS(E6-F6)) -> 0.01 | I6: ='Plot Data'!$D$67 -> 0.33955659 | J6: ='Plot Data'!$D$65 -> 0.37970439 | K6: ='Plot Data'!$D$58 -> 0.46 | L6: ='Plot Data'!$D$62 -> 0.54029561 | M6: ='Plot Data'!$D$64 -> 0.58044341 | N6: ='Plot Data'!$D$68 -> 0.0338 | O6: =IF(G6>M6,">+3s",IF(G6<I6,"<-3s","Pass")) -> >+3s | AD6: =IF(H6="","",IF(H6>N6,"No","Yes")) -> Yes | AF6: CRM | AH6: =E3 -> 034 | AK6: Dates | AN6: =I3 -> 37212 | AO6: to | AP6: =K3 -> 39038
B7: 2 | C7: 37577 | E7: 0.72 | F7: 0.71 | G7: =IF(AND(E7="",F7=""),NA(),AVERAGE(E7:F7)) -> 0.715 | H7: =IF(AND(E7="",F7=""),NA(),ABS(E7-F7)) -> 0.01 | I7: ='Plot Data'!$D$67 -> 0.33955659 | J7: ='Plot Data'!$D$65 -> 0.37970439 | K7: ='Plot Data'!$D$58 -> 0.46 | L7: ='Plot Data'!$D$62 -> 0.54029561 | M7: ='Plot Data'!$D$64 -> 0.58044341 | N7: ='Plot Data'!$D$68 -> 0.0338 | O7: =IF(G7>M7,">+3s",IF(G7<I7,"<-3s","Pass")) -> >+3s | P7: =IF(AND(G7>L7,G6>L6),"Fail > +2s",IF(AND(G7<J7,G6<J6),"Fail < -2s","Pass")) -> Fail > +2s | S7: =IF(E7="","",IF(G7>G6,"+",IF(G7<G6,"-",""))) | AD7: =IF(H7="","",IF(H7>N7,"No","Yes")) -> Yes
B8: 3 | C8: 37942 | E8: 0.72 | F8: 0.71 | G8: =IF(AND(E8="",F8=""),NA(),AVERAGE(E8:F8)) -> 0.715 | H8: =IF(AND(E8="",F8=""),NA(),ABS(E8-F8)) -> 0.01 | I8: ='Plot Data'!$D$67 -> 0.33955659 | J8: ='Plot Data'!$D$65 -> 0.37970439 | K8: ='Plot Data'!$D$58 -> 0.46 | L8: ='Plot Data'!$D$62 -> 0.54029561 | M8: ='Plot Data'!$D$64 -> 0.58044341 | N8: ='Plot Data'!$D$68 -> 0.0338 | O8: =IF(G8>M8,">+3s",IF(G8<I8,"<-3s","Pass")) -> >+3s | P8: =IF(AND(G8>L8,G7>L7),"Fail > +2s",IF(AND(G8>L8,G6>L6),"Fail > +2s",IF(AND(G8<J8,G7<J7),"Fail < -2s",IF(AND(G8<J8,G6<J6),"Fail < -2s","Pass")))) -> Fail > +2s | S8: =IF(E8="","",IF(G8>G7,"+",IF(G8<G7,"-",""))) | X8: =AVERAGE(G6:G8) -> 0.715 | AD8: =IF(H8="","",IF(H8>N8,"No","Yes")) -> Yes
B9: 4 | C9: 38308 | E9: 0.72 | F9: 0.71 | G9: =IF(AND(E9="",F9=""),NA(),AVERAGE(E9:F9)) -> 0.715 | H9: =IF(AND(E9="",F9=""),NA(),ABS(E9-F9)) -> 0.01 | I9: ='Plot Data'!$D$67 -> 0.33955659 | J9: ='Plot Data'!$D$65 -> 0.37970439 | K9: ='Plot Data'!$D$58 -> 0.46 | L9: ='Plot Data'!$D$62 -> 0.54029561 | M9: ='Plot Data'!$D$64 -> 0.58044341 | N9: ='Plot Data'!$D$68 -> 0.0338 | O9: =IF(G9>M9,">+3s",IF(G9<I9,"<-3s","Pass")) -> >+3s | P9: =IF(AND(G9>L9,G8>L8),"Fail > +2s",IF(AND(G9>L9,G7>L7),"Fail > +2s",IF(AND(G9<J9,G8<J8),"Fail < -2s",IF(AND(G9<J9,G7<J7),"Fail < -2s","Pass")))) -> Fail > +2s | S9: =IF(E9="","",IF(G9>G8,"+",IF(G9<G8,"-",""))) | X9: =AVERAGE(G7:G9) -> 0.715 | Y9: =AVERAGE(G6:G9) -> 0.715 | AD9: =IF(H9="","",IF(H9>N9,"No","Yes")) -> Yes
B10: 5 | C10: 38673 | E10: 0.72 | F10: 0.71 | G10: =IF(AND(E10="",F10=""),NA(),AVERAGE(E10:F10)) -> 0.715 | H10: =IF(AND(E10="",F10=""),NA(),ABS(E10-F10)) -> 0.01 | I10: ='Plot Data'!$D$67 -> 0.33955659 | J10: ='Plot Data'!$D$65 -> 0.37970439 | K10: ='Plot Data'!$D$58 -> 0.46 | L10: ='Plot Data'!$D$62 -> 0.54029561 | M10: ='Plot Data'!$D$64 -> 0.58044341 | N10: ='Plot Data'!$D$68 -> 0.0338 | O10: =IF(G10>M10,">+3s",IF(G10<I10,"<-3s","Pass")) -> >+3s | P10: =IF(AND(G10>L10,G9>L9),"Fail > +2s",IF(AND(G10>L10,G8>L8),"Fail > +2s",IF(AND(G10<J10,G9<J9),"Fail < -2s",IF(AND(G10<J10,G8<J8),"Fail < -2s","Pass")))) -> Fail > +2s | S10: =IF(E10="","",IF(G10>G9,"+",IF(G10<G9,"-",""))) | X10: =AVERAGE(G8:G10) -> 0.715 | Y10: =AVERAGE(G7:G10) -> 0.715 | Z10: =AVERAGE(G6:G10) -> 0.715 | AD10: =IF(H10="","",IF(H10>N10,"No","Yes")) -> Yes
B11: 6 | C11: 39038 | E11: 0.72 | F11: 0.71 | G11: =IF(AND(E11="",F11=""),NA(),AVERAGE(E11:F11)) -> 0.715 | H11: =IF(AND(E11="",F11=""),NA(),ABS(E11-F11)) -> 0.01 | I11: ='Plot Data'!$D$67 -> 0.33955659 | J11: ='Plot Data'!$D$65 -> 0.37970439 | K11: ='Plot Data'!$D$58 -> 0.46 | L11: ='Plot Data'!$D$62 -> 0.54029561 | M11: ='Plot Data'!$D$64 -> 0.58044341 | N11: ='Plot Data'!$D$68 -> 0.0338 | O11: =IF(G11>M11,">+3s",IF(G11<I11,"<-3s","Pass")) -> >+3s | P11: =IF(AND(G11>L11,G10>L10),"Fail > +2s",IF(AND(G11>L11,G9>L9),"Fail > +2s",IF(AND(G11<J11,G10<J10),"Fail < -2s",IF(AND(G11<J11,G9<J9),"Fail < -2s","Pass")))) -> Fail > +2s | S11: =IF(E11="","",IF(G11>G10,"+",IF(G11<G10,"-",""))) | X11: =AVERAGE(G9:G11) -> 0.715 | Y11: =AVERAGE(G8:G11) -> 0.715 | Z11: =AVERAGE(G7:G11) -> 0.715 | AA11: =AVERAGE(G6:G11) -> 0.715 | AD11: =IF(H11="","",IF(H11>N11,"No","Yes")) -> Yes
