Workbook
Name _Toc226382851: 'Verification Procedure'!$A$1
Name _Toc226382852: 'Verification Procedure'!$A$3
Name _Toc226382853: 'Verification Procedure'!$A$5
Name _Toc226382854: 'Verification Procedure'!$A$12
Name _Toc226382855: 'Verification Procedure'!$A$17
Name _Toc226382856: 'Verification Procedure'!$A$20

Sheet Verification Procedure
A1: 7. Sieve Verification (ISO 3310-1 / ISO 3310-2)
A2: To maintain the accuracy of the PSD method, all sieves must be verified every six months.
A3: 7.1. Why We Verify
A4: Coal is highly abrasive. Over time, the wires in the mesh can shift or wear down (becoming thinner), which effectively increases the size of the holes. If a 10mm sieve wears down to 10.5mm, your PSD results will be biased toward the smaller fractions.
A5: 7.2. Measurement Protocol
A6: 1. Cleaning: Ensure the sieve is manually brushed to remove all "blinded" particles.
A7: 2. Sampling the Mesh: You cannot measure every hole. You must measure 10 apertures chosen along a diagonal line (45°) across the mesh(for the smaller aperture screens).
A8: 3. Two-Way Measurement: For each of the holes, use the internal jaws of a calibrated Digital Vernier Caliper to measure:
A9: Dimension X: The horizontal width of the opening.
A10: Dimension Y: The vertical height of the opening.
A11: Note: Ensure the jaws are flush against the wires but not forcing them apart.
A12: 7.3. Calculating the Result
... A23: Bridge Inspection: Inspect the metal strips between the apertures for thinning. If the metal bridge has worn down by more than 25% of its original thickness, the sieve must be decommissioned, as it will likely flex and bypass larger particles during the "8 revolutions" screening process.
A24: Sieve Type | B24: Size Range | C24: Min. Apertures | D24: Total Measurements | E24: Pattern
A25: Woven Wire | B25: < 12.5 mm | C25: 10 | D25: 20 (X & Y) | E25: Diagonal Line
A26: Perforated Plate | B26: > 12.5 mm | C26: 10 | D26: 20 (X & Y) | E26: "X" or Cross Pattern

Sheet Tolerances
A4: 1. Fine & Medium Sieves (ISO 3310-1: Woven Wire)
A5: Table of tolerance of sieve apetures( smaller apeture screen)
A6: Nominal Aperture (w) | B6: Tolerance on Average (±Y) | C6: Max Individual Aperture (X) | D6: Standard Deviation (σ)
A7: 11.20 mm | B7: 0.360 mm | C7: 12.10 mm | D7: 0.690 mm
A8: 8.00 mm | B8: 0.260 mm | C8: 8.71 mm | D8: 0.490 mm
A9: 5.60 mm | B9: 0.190 mm | C9: 6.16 mm | D9: 0.350 mm
A10: 2.80 mm | B10: 0.110 mm | C10: 3.15 mm | D10: 0.190 mm
A11: 1.00 mm | B11: 0.040 mm | C11: 1.17 mm | D11: 0.080 mm
A12: 212µm (0.212 mm) | B12: 0.011 mm | C12: 0.263 mm | D12: 0.024 mm
A13: Average Tolerance (Y): If the average of your 20 measurements is outside this range, the sieve is out of calibration.
A14: Max Aperture (X): If any single hole measures larger than this, the sieve is REJECTED immediately.
A16: 2. Coarse Sieves (ISO 3310-2: Perforated Plate)
A17: These are usually square-hole or round-hole punched plates.
A18: Nominal Aperture (w) | B18: Tolerance on Average (±Y) | C18: Max Individual Aperture (X) | D18: Min. Plate Thickness
A19: 50.0 mm | B19: 1.50 mm | C19: 52.40 mm | D19: 3.0 mm
A20: 31.5 mm | B20: 1.00 mm | C20: 33.20 mm | D20: 2.5 mm
A21: 22.4 mm | B21: 0.70 mm | C21: 23.70 mm | D21: 2.0 mm
A22: 16.0 mm | B22: 0.50 mm | C22: 17.10 mm | D22: 1.5 mm
A23: Plate Thickness: For larger screens, also measure the thickness of the metal. If the plate has worn thin due to the abrasive nature of coal, it will flex and allow "oversize" particles to pass during the 360° revolution.

Sheet Summarized Values
B2: Doc No: PSD014
B3: Compiled By: TMJ Maponya
B4: Approved By: SB Nyambi
B5: Effective Date: 15 April 2026
A6: 3. Overall Sieve Verification Log
A8: Sieve ID | B8: Nominal Size | C8: Date | D8: Average | E8: Max Found | F8: Status (Pass/Fail) | G8: Verified By
A9: 500401 | B9: 1mm | C9: 46129 | D9: =Verification!B12 -> 1.0035 | E9: =MAX(Verification!B2:C11) -> 1.03 | F9: PASS | G9: Tshepo Maponya
A10: 500623 | B10: 3mm | C10: 46129 | D10: =Verification!G12 -> 3.0015 | E10: =MAX(Verification!G2:H11) -> 3.05 | F10: PASS | G10: Tshepo Maponya
A11: 500628 | B11: 4,75mm | C11: 46129 | D11: =Verification!L12 -> 4.751 | E11: =MAX(Verification!L2:M11) -> 4.81 | F11: PASS | G11: Tshepo Maponya
A12: 500847 | B12: 6mm | C12: 46129 | D12: =Verification!Q12 -> 6.005 | E12: =MAX(Verification!Q2:R11) -> 6.06 | F12: PASS | G12: Tshepo Maponya
A13: 600311 | B13: 10mm | C13: 46129 | D13: =Verification!V12 -> 12.001 | E13: =MAX(Verification!V2:W11) -> 12.2 | F13: PASS | G13: Tshepo Maponya
A14: 600519 | B14: 25mm | C14: 46129 | D14: =Verification!AA12 -> 25.02 | E14: =MAX(Verification!AA2:AB11) -> 25.3 | F14: PASS | G14: Tshepo Maponya
A15: 610209 | B15: 22.4mm | C15: 46129 | D15: =Verification!AK12 -> 22.2235 | E15: =MAX(Verification!AK2:AL11) -> 22.5 | F15: PASS | G15: Tshepo Maponya
A16: 500697 | B16: 50mm | C16: 46129 | D16: =Verification!AF12 -> 50.035 | E16: =MAX(Verification!AF2:AG11) -> 50.4 | F16: PASS | G16: Tshepo Maponya
A24: Vernier Caliper Used : | B24: 0-150 Digital Caliper
A25: Certificate Number: | B25: DB-14965
A26: UoM: | B26: ±0,015mm
A27: Serial Number: | B27: MG-10

Sheet Verification
A1: Aperture #(Sieve 1 mm) | B1: Dimension X (mm) | C1: Dimension Y (mm) | F1: Aperture #(Sieve 3 mm) | G1: Dimension X (mm) | H1: Dimension Y (mm) | K1: Aperture #(Sieve 4,75 mm) | L1: Dimension X (mm) | M1: Dimension Y (mm) | P1: Aperture #(Sieve 6 mm) | Q1: Dimension X (mm) | R1: Dimension Y (mm) | U1: Aperture #(Sieve 12 mm) | V1: Dimension X (mm) | W1: Dimension Y (mm) | Z1: Aperture #(Sieve 25 mm) | AA1: Dimension X (mm) | AB1: Dimension Y (mm) | AE1: Aperture #(Sieve 50 mm) | AF1: Dimension X (mm) | AG1: Dimension Y (mm) | AJ1: Aperture #(Sieve 22,4 mm) | AK1: Dimension X (mm) | AL1: Dimension Y (mm)
A2: 1 | B2: 1.01 | C2: 0.99 | F2: 1 | G2: 3.02 | H2: 2.98 | K2: 1 | L2: 4.77 | M2: 4.76 | P2: 1 | Q2: 6.05 | R2: 5.95 | U2: 1 | V2: 12.1 | W2: 11.9 | Z2: 1 | AA2: 25.1 | AB2: 24.9 | AE2: 1 | AF2: 50.2 | AG2: 49.8 | AJ2: 1 | AK2: 22 | AL2: 22.1
A3: 2 | B3: 1 | C3: 1.02 | F3: 2 | G3: 2.99 | H3: 3.01 | K3: 2 | L3: 4.75 | M3: 4.73 | P3: 2 | Q3: 6 | R3: 6.02 | U3: 2 | V3: 12 | W3: 12.05 | Z3: 2 | AA3: 25.05 | AB3: 25 | AE3: 2 | AF3: 50.1 | AG3: 50.05 | AJ3: 2 | AK3: 22.1 | AL3: 22.15
A4: 3 | B4: 0.98 | C4: 1.01 | F4: 3 | G4: 3.05 | H4: 2.95 | K4: 3 | L4: 4.8 | M4: 4.7 | P4: 3 | Q4: 5.98 | R4: 6.01 | U4: 3 | V4: 11.95 | W4: 12.02 | Z4: 3 | AA4: 24.95 | AB4: 25.15 | AE4: 3 | AF4: 49.9 | AG4: 50.15 | AJ4: 3 | AK4: 22.3 | AL4: 22.2
A5: 4 | B5: 1.03 | C5: 1 | F5: 4 | G5: 3 | H5: 3 | K5: 4 | L5: 4.74 | M5: 4.74 | P5: 4 | Q5: 6.03 | R5: 5.99 | U5: 4 | V5: 12.15 | W5: 11.85 | Z5: 4 | AA5: 25.2 | AB5: 24.8 | AE5: 4 | AF5: 50.3 | AG5: 49.7 | AJ5: 4 | AK5: 22.4 | AL5: 22.4
A6: 5 | B6: 0.99 | C6: 1.02 | F6: 5 | G6: 3.01 | H6: 2.99 | K6: 5 | L6: 4.76 | M6: 4.75 | P6: 5 | Q6: 6.01 | R6: 6 | U6: 5 | V6: 12.05 | W6: 11.95 | Z6: 5 | AA6: 25 | AB6: 25.05 | AE6: 5 | AF6: 50 | AG6: 50.1 | AJ6: 5 | AK6: 22.15 | AL6: 22
A7: 6 | B7: 1.01 | C7: 0.98 | F7: 6 | G7: 2.97 | H7: 3.03 | K7: 6 | L7: 4.72 | M7: 4.78 | P7: 6 | Q7: 5.97 | R7: 6.04 | U7: 6 | V7: 11.9 | W7: 12.1 | Z7: 6 | AA7: 24.9 | AB7: 25.1 | AE7: 6 | AF7: 49.85 | AG7: 50.25 | AJ7: 6 | AK7: 22.05 | AL7: 22.5
A8: 7 | B8: 1.02 | C8: 1.01 | F8: 7 | G8: 3.02 | H8: 3.01 | K8: 7 | L8: 4.79 | M8: 4.71 | P8: 7 | Q8: 6.02 | R8: 6.02 | U8: 7 | V8: 12.12 | W8: 11.88 | Z8: 7 | AA8: 25.15 | AB8: 24.95 | AE8: 7 | AF8: 50.15 | AG8: 49.95 | AJ8: 7 | AK8: 22.17 | AL8: 22.4
A9: 8 | B9: 1 | C9: 1 | F9: 8 | G9: 2.98 | H9: 3 | K9: 8 | L9: 4.75 | M9: 4.75 | P9: 8 | Q9: 6 | R9: 6 | U9: 8 | V9: 12 | W9: 12 | Z9: 8 | AA9: 25 | AB9: 25 | AE9: 8 | AF9: 50 | AG9: 50 | AJ9: 8 | AK9: 22.2 | AL9: 22.1
A10: 9 | B10: 0.97 | C10: 1.03 | F10: 9 | G10: 3.04 | H10: 2.96 | K10: 9 | L10: 4.81 | M10: 4.69 | P10: 9 | Q10: 6.06 | R10: 5.94 | U10: 9 | V10: 12.2 | W10: 11.8 | Z10: 9 | AA10: 25.3 | AB10: 24.7 | AE10: 9 | AF10: 50.4 | AG10: 49.6 | AJ10: 9 | AK10: 22.4 | AL10: 22.4
A11: 10 | B11: 1.01 | C11: 0.99 | F11: 10 | G11: 3 | H11: 3.02 | K11: 10 | L11: 4.75 | M11: 4.77 | P11: 10 | Q11: 6.01 | R11: 6 | U11: 10 | V11: 12.05 | W11: 11.95 | Z11: 10 | AA11: 25.1 | AB11: 25 | AE11: 10 | AF11: 50.2 | AG11: 50 | AJ11: 10 | AK11: 22.3 | AL11: 22.15
A12: COMBINED TOTAL | B12: =SUM(B2:C11)/20 -> 1.0035 | C12: Within limits | F12: COMBINED TOTAL | G12: =SUM(G2:H11)/20 -> 3.0015 | H12: Within limits | K12: COMBINED TOTAL | L12: =SUM(L2:M11)/20 -> 4.751 | M12: Within limits | P12: COMBINED TOTAL | Q12: =SUM(Q2:R11)/20 -> 6.005 | R12: Within limits | U12: Combined Total | V12: =SUM(V2:W11)/20 -> 12.001 | W12: Within Limits | Z12: Combined Total | AA12: =SUM(AA2:AB11)/20 -> 25.02 | AB12: Within Limits | AE12: TOTALS | AF12: =SUM(AF2:AG11)/20 -> 50.035 | AG12: Within Limits | AJ12: Combined Total | AK12: =SUM(AK2:AL11)/20 -> 22.2235 | AL12: Within Limits
A13: Std Deviation | B13: =_xlfn.STDEV.S(B2:C11) -> 0.016630663 | F13: Std Deviation | G13: =_xlfn.STDEV.S(G2:H11) -> 0.025603248 | K13: Std Deviation | L13: =_xlfn.STDEV.S(L2:M11) -> 0.031439164 | P13: Std Deviation | Q13: =_xlfn.STDEV.S(Q2:R11) -> 0.03 | U13: Std Deviation | V13: =_xlfn.STDEV.S(V2:W11) -> 0.10492604 | Z13: Std Deviation | AA13: =_xlfn.STDEV.S(AA2:AB11) -> 0.1370747 | AE13: Std Deviation | AF13: =_xlfn.STDEV.S(AF2:AG11) -> 0.20006578 | AJ13: Std Deviation | AK13: =_xlfn.STDEV.S(AK2:AL11) -> 0.15215211
A14: ISO Limit (X) | B14: 1,17 mm | F14: ISO Limit (X) | G14: 3,37 mm | K14: ISO Limit (X) | L14: 5,26 mm | P14: ISO Limit (X) | Q14: 6.58 mm | U14: ISO Limit (X) | V14: 12,90mm | Z14: ISO Limit (X) | AA14: 26,40mm | AE14: ISO Limit (X) | AF14: 52,40mm | AJ14: ISO Limit (X) | AK14: 23,70mm
B17: Nominal Aperture (w) | C17: Sieve Type | D17: Avg. Tolerance (±Y) | E17: Target Std Dev (σ) | F17: Max Individual (X)
B18: 50.0 mm | C18: Perforated | D18: 1.50 mm | E18: 1.80 mm | F18: 52.40 mm
B19: 25.0 mm | C19: Perforated | D19: 0.80 mm | E19: 1.00 mm | F19: 26.40 mm
B20: 22,4 mm | C20: Perforated | D20: 0,70 mm | E20: 0,90 mm | F20: 23,70mm
B21: 12.0 mm | C21: Woven/Perf | D21: 0.40 mm | E21: 0.70 mm | F21: 12.90 mm
B22: 6.0 mm | C22: Woven Wire | D22: 0.20 mm | E22: 0.38 mm | F22: 6.58 mm
B23: 4.75 mm | C23: Woven Wire | D23: 0.16 mm | E23: 0.30 mm | F23: 5.26 mm
B24: 3.0 mm | C24: Woven Wire | D24: 0.11 mm | E24: 0.19 mm | F24: 3.37 mm
B25: 1.0 mm | C25: Woven Wire | D25: 0.04 mm | E25: 0.08 mm | F25: 1.17 mm
