Workbook

Sheet Sheet1
A2: Title Page
A4: Method Validation Report: Inherent Moisture (SANS 5925)
A6: Laboratory name, date, analysts
A8: 1. Introduction
A10: Purpose of validation (to confirm reliability of SANS 5925 for inherent moisture)
A12: Scope (coal samples, inherent moisture, mg range, reference value used = 3.4%)
A14: 2. Methodology
A16: Reference method: SANS 5925
A18: Analysts: Keitumetse and Lilo
A20: Dates and run times (20 May, 21 May, 13 June, 17 June 2025)
A22: Replicates: 2 replicates per sample, 10 samples per run
A24: Conditions: Normal laboratory environment
... A108: Actions: check instrument calibration and maintenance records, review sample preparation SOP, repeat selected runs, and consider applying bias correction or including bias in uncertainty if justified.

Sheet PRECISION-INT PREC & REPR
A1: Date: | B1: 21-05-2025 | C1: Analyst: Keitumetse | D1: Duration: | E1: 1hr | I1: Date: | J1: 20-05-2025 | K1: Analyst: Keitumetse | L1: Duration: | M1: 1h30 | Q1: Date: | R1: 13-06-2025 | S1: Analyst: Lilo | T1: Duration: | U1: 1h00 | Y1: Date: | Z1: 17-06-2025 | AA1: Analyst: Lilo | AB1: Duration: | AC1: 1h30
A2: LIMS no | B2: 1 | C2: 2 | D2: Difference | E2: Keitumetse Average | F2: Standard deviation | G2: %sr (RSD) | I2: LIMS no | J2: 1 | K2: 2 | L2: Difference | M2: Keitumetse Average | N2: Standard deviation | O2: %sr (RSD) | Q2: LIMS no | R2: 1 | S2: 2 | T2: Difference | U2: Lilo Average | V2: Standard deviation | W2: %sr (RSD) | Y2: LIMS no | Z2: 1 | AA2: 2 | AB2: Difference | AC2: Lilo Average | AD2: standard deviation | AE2: %sr (RSD)
A3: 168 | B3: 3.33 | C3: 3.3 | D3: =ABS(C3-B3) -> 0.03 | E3: =AVERAGE(B3:C3) -> 3.315 | F3: =_xlfn.STDEV.S(B3:C3) -> 0.021213203 | G3: =(F3/E3)*100 -> 0.63991564 | I3: 158 | J3: 3.59 | K3: 3.59 | L3: =ABS(K3-J3) -> 0 | M3: =AVERAGE(J3:K3) -> 3.59 | N3: =_xlfn.STDEV.S(J3:K3) -> 0 | O3: =(N3/M3)*100 -> 0 | Q3: 1168 | R3: 3.11 | S3: 3.02 | T3: =ABS(S3-R3) -> 0.09 | U3: =AVERAGE(R3:S3) -> 3.065 | V3: =_xlfn.STDEV.S(R3:S3) -> 0.06363961 | W3: =(V3/U3)*100 -> 2.0763331 | Y3: 1218 | Z3: 3.17 | AA3: 3.14 | AB3: =ABS(AA3-Z3) -> 0.03 | AC3: =AVERAGE(Z3:AA3) -> 3.155 | AD3: =_xlfn.STDEV.S(Z3:AA3) -> 0.021213203 | AE3: =(AD3/AC3)*100 -> 0.67236778
A4: 169 | B4: 3.43 | C4: 3.45 | D4: =ABS(C4-B4) -> 0.02 | E4: =AVERAGE(B4:C4) -> 3.44 | F4: =_xlfn.STDEV.S(B4:C4) -> 0.014142136 | G4: =(F4/E4)*100 -> 0.41110859 | I4: 159 | J4: 3.46 | K4: 3.39 | L4: =ABS(K4-J4) -> 0.07 | M4: =AVERAGE(J4:K4) -> 3.425 | N4: =_xlfn.STDEV.S(J4:K4) -> 0.049497475 | O4: =(N4/M4)*100 -> 1.4451817 | Q4: 1169 | R4: 3.06 | S4: 3.06 | T4: =ABS(S4-R4) -> 0 | U4: =AVERAGE(R4:S4) -> 3.06 | V4: =_xlfn.STDEV.S(R4:S4) -> 0 | W4: =(V4/U4)*100 -> 0 | Y4: 1219 | Z4: 2.89 | AA4: 2.98 | AB4: =ABS(AA4-Z4) -> 0.09 | AC4: =AVERAGE(Z4:AA4) -> 2.935 | AD4: =_xlfn.STDEV.S(Z4:AA4) -> 0.06363961 | AE4: =(AD4/AC4)*100 -> 2.1683002
A5: 170 | B5: 3.19 | C5: 3.23 | D5: =ABS(C5-B5) -> 0.04 | E5: =AVERAGE(B5:C5) -> 3.21 | F5: =_xlfn.STDEV.S(B5:C5) -> 0.028284271 | G5: =(F5/E5)*100 -> 0.88112995 | I5: 160 | J5: 3.47 | K5: 3.48 | L5: =ABS(K5-J5) -> 0.01 | M5: =AVERAGE(J5:K5) -> 3.475 | N5: =_xlfn.STDEV.S(J5:K5) -> 0.0070710678 | O5: =(N5/M5)*100 -> 0.20348397 | Q5: 1170 | R5: 3.06 | S5: 3.15 | T5: =ABS(S5-R5) -> 0.09 | U5: =AVERAGE(R5:S5) -> 3.105 | V5: =_xlfn.STDEV.S(R5:S5) -> 0.06363961 | W5: =(V5/U5)*100 -> 2.0495849 | Y5: 1220 | Z5: 3.12 | AA5: 3.12 | AB5: =ABS(AA5-Z5) -> 0 | AC5: =AVERAGE(Z5:AA5) -> 3.12 | AD5: =_xlfn.STDEV.S(Z5:AA5) -> 0 | AE5: =(AD5/AC5)*100 -> 0
A6: 171 | B6: 3.42 | C6: 3.34 | D6: =ABS(C6-B6) -> 0.08 | E6: =AVERAGE(B6:C6) -> 3.38 | F6: =_xlfn.STDEV.S(B6:C6) -> 0.056568542 | G6: =(F6/E6)*100 -> 1.6736255 | I6: 161 | J6: 3.45 | K6: 3.49 | L6: =ABS(K6-J6) -> 0.04 | M6: =AVERAGE(J6:K6) -> 3.47 | N6: =_xlfn.STDEV.S(J6:K6) -> 0.028284271 | O6: =(N6/M6)*100 -> 0.81510868 | Q6: 1171 | R6: 3.14 | S6: 3.11 | T6: =ABS(S6-R6) -> 0.03 | U6: =AVERAGE(R6:S6) -> 3.125 | V6: =_xlfn.STDEV.S(R6:S6) -> 0.021213203 | W6: =(V6/U6)*100 -> 0.67882251 | Y6: 1221 | Z6: 3.07 | AA6: 3.03 | AB6: =ABS(AA6-Z6) -> 0.04 | AC6: =AVERAGE(Z6:AA6) -> 3.05 | AD6: =_xlfn.STDEV.S(Z6:AA6) -> 0.028284271 | AE6: =(AD6/AC6)*100 -> 0.92735316
A7: 172 | B7: 3.24 | C7: 3.29 | D7: =ABS(C7-B7) -> 0.05 | E7: =AVERAGE(B7:C7) -> 3.265 | F7: =_xlfn.STDEV.S(B7:C7) -> 0.035355339 | G7: =(F7/E7)*100 -> 1.0828588 | I7: 162 | J7: 3.58 | K7: 3.6 | L7: =ABS(K7-J7) -> 0.02 | M7: =AVERAGE(J7:K7) -> 3.59 | N7: =_xlfn.STDEV.S(J7:K7) -> 0.014142136 | O7: =(N7/M7)*100 -> 0.39393135 | Q7: 1172 | R7: 3.13 | S7: 3.11 | T7: =ABS(S7-R7) -> 0.02 | U7: =AVERAGE(R7:S7) -> 3.12 | V7: =_xlfn.STDEV.S(R7:S7) -> 0.014142136 | W7: =(V7/U7)*100 -> 0.45327358 | Y7: 1222 | Z7: 3.69 | AA7: 3.64 | AB7: =ABS(AA7-Z7) -> 0.05 | AC7: =AVERAGE(Z7:AA7) -> 3.665 | AD7: =_xlfn.STDEV.S(Z7:AA7) -> 0.035355339 | AE7: =(AD7/AC7)*100 -> 0.96467501
A8: 173 | B8: 3.23 | C8: 3.19 | D8: =ABS(C8-B8) -> 0.04 | E8: =AVERAGE(B8:C8) -> 3.21 | F8: =_xlfn.STDEV.S(B8:C8) -> 0.028284271 | G8: =(F8/E8)*100 -> 0.88112995 | I8: 163 | J8: 3.48 | K8: 3.45 | L8: =ABS(K8-J8) -> 0.03 | M8: =AVERAGE(J8:K8) -> 3.465 | N8: =_xlfn.STDEV.S(J8:K8) -> 0.021213203 | O8: =(N8/M8)*100 -> 0.61221366 | Q8: 1173 | R8: 3.09 | S8: 3.07 | T8: =ABS(S8-R8) -> 0.02 | U8: =AVERAGE(R8:S8) -> 3.08 | V8: =_xlfn.STDEV.S(R8:S8) -> 0.014142136 | W8: =(V8/U8)*100 -> 0.45916025 | Y8: 1223 | Z8: 3.03 | AA8: 2.97 | AB8: =ABS(AA8-Z8) -> 0.06 | AC8: =AVERAGE(Z8:AA8) -> 3 | AD8: =_xlfn.STDEV.S(Z8:AA8) -> 0.042426407 | AE8: =(AD8/AC8)*100 -> 1.4142136
A9: 174 | B9: 3.17 | C9: 3.22 | D9: =ABS(C9-B9) -> 0.05 | E9: =AVERAGE(B9:C9) -> 3.195 | F9: =_xlfn.STDEV.S(B9:C9) -> 0.035355339 | G9: =(F9/E9)*100 -> 1.1065834 | I9: 164 | J9: 3.53 | K9: 3.63 | L9: =ABS(K9-J9) -> 0.1 | M9: =AVERAGE(J9:K9) -> 3.58 | N9: =_xlfn.STDEV.S(J9:K9) -> 0.070710678 | O9: =(N9/M9)*100 -> 1.9751586 | Q9: 1174 | R9: 3.02 | S9: 2.99 | T9: =ABS(S9-R9) -> 0.03 | U9: =AVERAGE(R9:S9) -> 3.005 | V9: =_xlfn.STDEV.S(R9:S9) -> 0.021213203 | W9: =(V9/U9)*100 -> 0.70593023 | Y9: 1224 | Z9: 3 | AA9: 3.03 | AB9: =ABS(AA9-Z9) -> 0.03 | AC9: =AVERAGE(Z9:AA9) -> 3.015 | AD9: =_xlfn.STDEV.S(Z9:AA9) -> 0.021213203 | AE9: =(AD9/AC9)*100 -> 0.70358884
A10: 175 | B10: 3.2 | C10: 3.25 | D10: =ABS(C10-B10) -> 0.05 | E10: =AVERAGE(B10:C10) -> 3.225 | F10: =_xlfn.STDEV.S(B10:C10) -> 0.035355339 | G10: =(F10/E10)*100 -> 1.0962896 | I10: 165 | J10: 3.46 | K10: 3.44 | L10: =ABS(K10-J10) -> 0.02 | M10: =AVERAGE(J10:K10) -> 3.45 | N10: =_xlfn.STDEV.S(J10:K10) -> 0.014142136 | O10: =(N10/M10)*100 -> 0.40991697 | Q10: 1175 | R10: 2.98 | S10: 2.97 | T10: =ABS(S10-R10) -> 0.01 | U10: =AVERAGE(R10:S10) -> 2.975 | V10: =_xlfn.STDEV.S(R10:S10) -> 0.0070710678 | W10: =(V10/U10)*100 -> 0.23768295 | Y10: 1225 | Z10: 2.89 | AA10: 2.96 | AB10: =ABS(AA10-Z10) -> 0.07 | AC10: =AVERAGE(Z10:AA10) -> 2.925 | AD10: =_xlfn.STDEV.S(Z10:AA10) -> 0.049497475 | AE10: =(AD10/AC10)*100 -> 1.6922214
A11: 176 | B11: 3 | C11: 2.99 | D11: =ABS(C11-B11) -> 0.01 | E11: =AVERAGE(B11:C11) -> 2.995 | F11: =_xlfn.STDEV.S(B11:C11) -> 0.0070710678 | G11: =(F11/E11)*100 -> 0.23609575 | I11: 166 | J11: 3.39 | K11: 3.37 | L11: =ABS(K11-J11) -> 0.02 | M11: =AVERAGE(J11:K11) -> 3.38 | N11: =_xlfn.STDEV.S(J11:K11) -> 0.014142136 | O11: =(N11/M11)*100 -> 0.41840638 | Q11: 1176 | R11: 3.05 | S11: 3.05 | T11: =ABS(S11-R11) -> 0 | U11: =AVERAGE(R11:S11) -> 3.05 | V11: =_xlfn.STDEV.S(R11:S11) -> 0 | W11: =(V11/U11)*100 -> 0 | Y11: 1226 | Z11: 2.93 | AA11: 3.02 | AB11: =ABS(AA11-Z11) -> 0.09 | AC11: =AVERAGE(Z11:AA11) -> 2.975 | AD11: =_xlfn.STDEV.S(Z11:AA11) -> 0.06363961 | AE11: =(AD11/AC11)*100 -> 2.1391466
A12: 177 | B12: 3.12 | C12: 3.09 | D12: =ABS(C12-B12) -> 0.03 | E12: =AVERAGE(B12:C12) -> 3.105 | F12: =_xlfn.STDEV.S(B12:C12) -> 0.021213203 | G12: =(F12/E12)*100 -> 0.68319496 | I12: 167 | J12: 3.36 | K12: 3.4 | L12: =ABS(K12-J12) -> 0.04 | M12: =AVERAGE(J12:K12) -> 3.38 | N12: =_xlfn.STDEV.S(J12:K12) -> 0.028284271 | O12: =(N12/M12)*100 -> 0.83681276 | Q12: 1177 | R12: 3.12 | S12: 3.05 | T12: =ABS(S12-R12) -> 0.07 | U12: =AVERAGE(R12:S12) -> 3.085 | V12: =_xlfn.STDEV.S(R12:S12) -> 0.049497475 | W12: =(V12/U12)*100 -> 1.6044562 | Y12: 1227 | Z12: 2.9 | AA12: 2.97 | AB12: =ABS(AA12-Z12) -> 0.07 | AC12: =AVERAGE(Z12:AA12) -> 2.935 | AD12: =_xlfn.STDEV.S(Z12:AA12) -> 0.049497475 | AE12: =(AD12/AC12)*100 -> 1.6864557

Sheet BIAS
A1: Run | B1: LIMS | C1: R1 | D1: R2 | E1: Difference | F1: Mean | G1: Within SD | H1: %RSD | I1: Bias vs CRM | K1: Reference Value | L1: 3.4
A2: Keitumetse 21-05 (1 hr) | B2: 168 | C2: 3.33 | D2: 3.3 | E2: =ABS(C2-D2) -> 0.03 | F2: =AVERAGE(C2:D2) -> 3.315 | G2: =_xlfn.STDEV.S(C2:D2) -> 0.021213203 | H2: =(G2/F2)*100 -> 0.63991564 | I2: =F2-$L$1 -> -0.085
A3: Keitumetse 21-05 (1 hr) | B3: 169 | C3: 3.43 | D3: 3.45 | E3: =ABS(C3-D3) -> 0.02 | F3: =AVERAGE(C3:D3) -> 3.44 | G3: =_xlfn.STDEV.S(C3:D3) -> 0.014142136 | H3: =(G3/F3)*100 -> 0.41110859 | I3: =F3-$L$1 -> 0.04
A4: Keitumetse 21-05 (1 hr) | B4: 170 | C4: 3.19 | D4: 3.23 | E4: =ABS(C4-D4) -> 0.04 | F4: =AVERAGE(C4:D4) -> 3.21 | G4: =_xlfn.STDEV.S(C4:D4) -> 0.028284271 | H4: =(G4/F4)*100 -> 0.88112995 | I4: =F4-$L$1 -> -0.19
A5: Keitumetse 21-05 (1 hr) | B5: 171 | C5: 3.42 | D5: 3.34 | E5: =ABS(C5-D5) -> 0.08 | F5: =AVERAGE(C5:D5) -> 3.38 | G5: =_xlfn.STDEV.S(C5:D5) -> 0.056568542 | H5: =(G5/F5)*100 -> 1.6736255 | I5: =F5-$L$1 -> -0.02
A6: Keitumetse 21-05 (1 hr) | B6: 172 | C6: 3.24 | D6: 3.29 | E6: =ABS(C6-D6) -> 0.05 | F6: =AVERAGE(C6:D6) -> 3.265 | G6: =_xlfn.STDEV.S(C6:D6) -> 0.035355339 | H6: =(G6/F6)*100 -> 1.0828588 | I6: =F6-$L$1 -> -0.135
A7: Keitumetse 21-05 (1 hr) | B7: 173 | C7: 3.23 | D7: 3.19 | E7: =ABS(C7-D7) -> 0.04 | F7: =AVERAGE(C7:D7) -> 3.21 | G7: =_xlfn.STDEV.S(C7:D7) -> 0.028284271 | H7: =(G7/F7)*100 -> 0.88112995 | I7: =F7-$L$1 -> -0.19
A8: Keitumetse 21-05 (1 hr) | B8: 174 | C8: 3.17 | D8: 3.22 | E8: =ABS(C8-D8) -> 0.05 | F8: =AVERAGE(C8:D8) -> 3.195 | G8: =_xlfn.STDEV.S(C8:D8) -> 0.035355339 | H8: =(G8/F8)*100 -> 1.1065834 | I8: =F8-$L$1 -> -0.205
A9: Keitumetse 21-05 (1 hr) | B9: 175 | C9: 3.2 | D9: 3.25 | E9: =ABS(C9-D9) -> 0.05 | F9: =AVERAGE(C9:D9) -> 3.225 | G9: =_xlfn.STDEV.S(C9:D9) -> 0.035355339 | H9: =(G9/F9)*100 -> 1.0962896 | I9: =F9-$L$1 -> -0.175
A10: Keitumetse 21-05 (1 hr) | B10: 176 | C10: 3 | D10: 2.99 | E10: =ABS(C10-D10) -> 0.01 | F10: =AVERAGE(C10:D10) -> 2.995 | G10: =_xlfn.STDEV.S(C10:D10) -> 0.0070710678 | H10: =(G10/F10)*100 -> 0.23609575 | I10: =F10-$L$1 -> -0.405
A11: Keitumetse 21-05 (1 hr) | B11: 177 | C11: 3.12 | D11: 3.09 | E11: =ABS(C11-D11) -> 0.03 | F11: =AVERAGE(C11:D11) -> 3.105 | G11: =_xlfn.STDEV.S(C11:D11) -> 0.021213203 | H11: =(G11/F11)*100 -> 0.68319496 | I11: =F11-$L$1 -> -0.295
A12: Keitumetse 20-05 (1h30) | B12: 158 | C12: 3.59 | D12: 3.59 | E12: =ABS(C12-D12) -> 0 | F12: =AVERAGE(C12:D12) -> 3.59 | G12: =_xlfn.STDEV.S(C12:D12) -> 0 | H12: =(G12/F12)*100 -> 0 | I12: =F12-$L$1 -> 0.19
A13: Keitumetse 20-05 (1h30) | B13: 159 | C13: 3.46 | D13: 3.39 | E13: =ABS(C13-D13) -> 0.07 | F13: =AVERAGE(C13:D13) -> 3.425 | G13: =_xlfn.STDEV.S(C13:D13) -> 0.049497475 | H13: =(G13/F13)*100 -> 1.4451817 | I13: =F13-$L$1 -> 0.025
... A41: Lilo 17-06 (1h30) | B41: 1227 | C41: 2.9 | D41: 2.97 | E41: =ABS(C41-D41) -> 0.07 | F41: =AVERAGE(C41:D41) -> 2.935 | G41: =_xlfn.STDEV.S(C41:D41) -> 0.049497475 | H41: =(G41/F41)*100 -> 1.6864557 | I41: =F41-$L$1 -> -0.465

Sheet SUMMARY PER RUN
A1: Run | B1: n samples | C1: mean of lab means | D1: sd of lab means | E1: mean within SD | F1: mean bias | G1: mean pctRSD
A2: Keitumetse 20-05 (1h30) | B2: 10 | C2: =AVERAGE('PRECISION-INT PREC & REPR'!M3:M12) -> 3.4805 | D2: 0.080603626 | E2: 0.024748737 | F2: 0.0805 | G2: 0.71102141
A3: Keitumetse 21-05 (1 hr) | B3: 10 | C3: =AVERAGE('PRECISION-INT PREC & REPR'!E3:E12) -> 3.234 | D3: 0.12814488 | E3: 0.028284271 | F3: -0.166 | G3: 0.86919321
A4: Lilo 13-06 (1 hr) | B4: 10 | C4: =AVERAGE('PRECISION-INT PREC & REPR'!U3:U12) -> 3.067 | D4: 0.04802777 | E4: 0.025455844 | F4: -0.333 | G4: 0.82652437
A5: Lilo 17-06 (1h30) | B5: 10 | C5: =AVERAGE('PRECISION-INT PREC & REPR'!AC3:AC12) -> 3.0775 | D5: 0.22060838 | E5: 0.037476659 | F5: -0.3225 | G5: 1.2368322

Sheet Combined_metrics
A1: overall mean | B1: s_R | C1: s_r (pooled repeatability sd) | D1: r_limit | E1: R_limit
A2: =AVERAGE('SUMMARY PER RUN'!C2:C5) -> 3.21475 | B2: 0.21373645 | C2: 0.035178118 | D2: =2.8*C2 -> 0.098498731 | E2: =2.8*B2 -> 0.59846205
